application_id,student_age,nationality,visa_type,visa_end_date,university,program_level,enrollment_status,program_end_date,annual_tuition,annual_living_cost,savings,monthly_part_time_income,family_support_annual,existing_debt,requested_loan_amount,loan_duration_months,guarantor_exists,guarantor_french_resident,guarantor_annual_income,application_date,decision,hard_failure_count,condition_count,eligibility_reasons,scenario
APP0001,31,China,Student visa,2028-09-07,Sciences Po,Master,Enrolled,2028-10-07,0,14578,10000,500,8000,0,25000,60,Yes,No,50000,2026-10-07,Not eligible,3,1,"Requested loan exceeds the bank maximum of €20,000. | Visa expires before the loan is scheduled to end. | Guarantor is not a French resident. | Requested loan is higher than the applicant's documented available funds.",standard_student_loan
APP0002,20,Nigeria,Student visa,2028-09-07,Sorbonne University,PhD,Enrolled,2029-05-07,8000,17666,6000,0,2000,0,10000,48,No,No,0,2026-10-07,Not eligible,4,2,"Visa expires before the loan is scheduled to end. | No guarantor has been provided. | Guarantor is not a French resident. | Guarantor income is below €25,000 per year. | Available funds do not cover annual tuition and living costs. | Requested loan is higher than the applicant's documented available funds.",standard_student_loan
APP0003,23,China,Student visa,2027-07-07,Université Paris-Saclay,Master,Enrolled,2027-10-07,0,17792,15000,700,2000,0,15000,60,Yes,No,35000,2026-10-07,Not eligible,2,0,Visa expires before the loan is scheduled to end. | Guarantor is not a French resident.,standard_student_loan
APP0004,19,India,Student visa,2027-04-07,Paris Dauphine,Bachelor,Enrolled,2027-09-07,3000,12843,1000,900,8000,6000,20000,60,Yes,Yes,15000,2026-10-07,Not eligible,2,3,"Visa expires before the loan is scheduled to end. | Guarantor income is below €25,000 per year. | Savings cover less than three months of living costs. | Existing debt is above €5,000. | Requested loan is higher than the applicant's documented available funds.",standard_student_loan
APP0005,20,Nigeria,Student visa,2028-12-07,Université Paris-Saclay,Bachelor,Enrolled,2029-07-07,12000,17684,1000,700,0,6000,15000,60,Yes,Yes,25000,2026-10-07,Not eligible,1,4,"Visa expires before the loan is scheduled to end. | Savings cover less than three months of living costs. | Available funds do not cover annual tuition and living costs. | Existing debt is above €5,000. | Requested loan is higher than the applicant's documented available funds.",standard_student_loan
APP0006,26,Germany,Residence permit,2029-09-07,Sorbonne University,Master,Enrolled,2028-01-07,8000,15184,15000,700,5000,0,10000,120,Yes,Yes,15000,2026-10-07,Not eligible,2,0,"Visa expires before the loan is scheduled to end. | Guarantor income is below €25,000 per year.",standard_student_loan
APP0007,26,Italy,Residence permit,2028-10-07,Paris Dauphine,Bachelor,Enrolled,2027-04-07,8000,17110,10000,700,5000,3000,10000,24,No,No,0,2026-10-07,Not eligible,3,1,"No guarantor has been provided. | Guarantor is not a French resident. | Guarantor income is below €25,000 per year. | Available funds do not cover annual tuition and living costs.",standard_student_loan
APP0008,28,Morocco,Residence permit,2028-01-07,ESSEC,Bachelor,Enrolled,2027-10-07,8000,14116,6000,900,2000,0,15000,60,No,No,0,2026-10-07,Not eligible,4,1,"Visa expires before the loan is scheduled to end. | No guarantor has been provided. | Guarantor is not a French resident. | Guarantor income is below €25,000 per year. | Available funds do not cover annual tuition and living costs.",standard_student_loan
APP0009,25,Nigeria,Residence permit,2028-10-07,Paris Dauphine,Bachelor,Enrolled,2028-01-07,15000,11693,3000,0,5000,3000,6000,60,No,No,0,2026-10-07,Not eligible,4,1,"Visa expires before the loan is scheduled to end. | No guarantor has been provided. | Guarantor is not a French resident. | Guarantor income is below €25,000 per year. | Available funds do not cover annual tuition and living costs.",standard_student_loan
APP0010,29,Morocco,Student visa,2028-01-07,ESSEC,Master,Enrolled,2027-10-07,0,14530,3000,0,0,0,25000,24,Yes,No,25000,2026-10-07,Not eligible,3,3,"Requested loan exceeds the bank maximum of €20,000. | Visa expires before the loan is scheduled to end. | Guarantor is not a French resident. | Savings cover less than three months of living costs. | Available funds do not cover annual tuition and living costs. | Requested loan is higher than the applicant's documented available funds.",standard_student_loan
APP0011,30,Italy,Residence permit,2027-02-07,Paris Dauphine,PhD,Enrolled,2027-08-07,3000,9698,6000,500,0,0,25000,48,Yes,Yes,25000,2026-10-07,Not eligible,2,2,"Requested loan exceeds the bank maximum of €20,000. | Visa expires before the loan is scheduled to end. | Available funds do not cover annual tuition and living costs. | Requested loan is higher than the applicant's documented available funds.",standard_student_loan
APP0012,24,USA,Student visa,2029-08-07,HEC Paris,Bachelor,Enrolled,2029-02-07,15000,13218,1000,700,5000,6000,10000,24,Yes,Yes,25000,2026-10-07,Conditional,0,3,"Savings cover less than three months of living costs. | Available funds do not cover annual tuition and living costs. | Existing debt is above €5,000.",standard_student_loan
APP0013,21,Germany,Residence permit,2028-08-07,Sciences Po,PhD,Enrolled,2027-07-07,0,10986,10000,300,0,6000,10000,36,Yes,Yes,35000,2026-10-07,Not eligible,1,1,"Visa expires before the loan is scheduled to end. | Existing debt is above €5,000.",standard_student_loan
APP0014,29,Turkey,Student visa,2029-04-07,Sciences Po,Bachelor,Enrolled,2028-09-07,20000,13061,6000,0,0,6000,10000,24,No,No,0,2026-10-07,Not eligible,3,3,"No guarantor has been provided. | Guarantor is not a French resident. | Guarantor income is below €25,000 per year. | Available funds do not cover annual tuition and living costs. | Existing debt is above €5,000. | Requested loan is higher than the applicant's documented available funds.",standard_student_loan
APP0015,23,India,Student visa,2029-08-07,ESSEC,Bachelor,Enrolled,2027-12-07,3000,11255,10000,700,8000,1000,3000,60,Yes,Yes,50000,2026-10-07,Not eligible,1,0,Visa expires before the loan is scheduled to end.,standard_student_loan
APP0016,22,Nigeria,Student visa,2029-01-07,HEC Paris,Master,Enrolled,2029-08-07,3000,13973,6000,500,8000,0,15000,24,No,No,0,2026-10-07,Not eligible,3,0,"No guarantor has been provided. | Guarantor is not a French resident. | Guarantor income is below €25,000 per year.",standard_student_loan
APP0017,26,USA,Residence permit,2027-07-07,Sorbonne University,Master,Enrolled,2027-04-07,8000,17050,6000,0,5000,6000,10000,48,Yes,Yes,25000,2026-10-07,Not eligible,1,2,"Visa expires before the loan is scheduled to end. | Available funds do not cover annual tuition and living costs. | Existing debt is above €5,000.",standard_student_loan
APP0018,19,Turkey,Student visa,2027-05-07,Sciences Po,Master,Enrolled,2028-07-07,3000,13642,10000,0,12000,0,6000,48,Yes,Yes,35000,2026-10-07,Not eligible,1,0,Visa expires before the loan is scheduled to end.,standard_student_loan
APP0019,23,China,Student visa,2028-12-07,Université Paris-Saclay,PhD,Enrolled,2028-05-07,20000,12170,15000,0,2000,0,6000,48,No,No,0,2026-10-07,Not eligible,4,1,"Visa expires before the loan is scheduled to end. | No guarantor has been provided. | Guarantor is not a French resident. | Guarantor income is below €25,000 per year. | Available funds do not cover annual tuition and living costs.",standard_student_loan
APP0020,28,Nigeria,Student visa,2027-03-07,HEC Paris,Master,Enrolled,2029-03-07,3000,13014,15000,0,5000,3000,15000,24,Yes,Yes,70000,2026-10-07,Not eligible,1,0,Visa expires before the loan is scheduled to end.,standard_student_loan
APP0021,28,Vietnam,Student visa,2029-02-07,Sciences Po,Master,Enrolled,2029-04-07,12000,15971,6000,500,8000,1000,15000,60,Yes,Yes,35000,2026-10-07,Not eligible,1,1,Visa expires before the loan is scheduled to end. | Available funds do not cover annual tuition and living costs.,standard_student_loan
APP0022,30,India,Student visa,2027-02-07,Paris Dauphine,Master,Enrolled,2029-01-07,3000,12769,6000,0,5000,0,3000,48,No,No,0,2026-10-07,Not eligible,4,1,"Visa expires before the loan is scheduled to end. | No guarantor has been provided. | Guarantor is not a French resident. | Guarantor income is below €25,000 per year. | Available funds do not cover annual tuition and living costs.",standard_student_loan
APP0023,30,Morocco,Residence permit,2027-05-07,Paris Dauphine,Bachelor,Enrolled,2027-09-07,0,16027,3000,500,0,0,25000,36,Yes,Yes,50000,2026-10-07,Not eligible,2,3,"Requested loan exceeds the bank maximum of €20,000. | Visa expires before the loan is scheduled to end. | Savings cover less than three months of living costs. | Available funds do not cover annual tuition and living costs. | Requested loan is higher than the applicant's documented available funds.",standard_student_loan
APP0024,30,Italy,Residence permit,2029-02-07,Sorbonne University,PhD,Enrolled,2028-12-07,0,10150,6000,300,0,0,6000,24,Yes,Yes,25000,2026-10-07,Conditional,0,1,Available funds do not cover annual tuition and living costs.,standard_student_loan
APP0025,25,USA,Residence permit,2027-05-07,Sciences Po,Master,Enrolled,2029-02-07,0,13249,3000,700,0,0,3000,24,Yes,Yes,70000,2026-10-07,Not eligible,1,2,Visa expires before the loan is scheduled to end. | Savings cover less than three months of living costs. | Available funds do not cover annual tuition and living costs.,standard_student_loan
APP0026,28,Brazil,Residence permit,2029-02-07,Sorbonne University,Bachelor,Enrolled,2027-10-07,3000,16421,3000,300,5000,1000,3000,36,Yes,No,15000,2026-10-07,Not eligible,3,2,"Visa expires before the loan is scheduled to end. | Guarantor is not a French resident. | Guarantor income is below €25,000 per year. | Savings cover less than three months of living costs. | Available funds do not cover annual tuition and living costs.",standard_student_loan
APP0027,23,Germany,Residence permit,2027-04-07,Sciences Po,PhD,Enrolled,2028-07-07,12000,15303,15000,500,2000,1000,10000,48,Yes,Yes,50000,2026-10-07,Not eligible,1,1,Visa expires before the loan is scheduled to end. | Available funds do not cover annual tuition and living costs.,standard_student_loan
APP0028,30,Morocco,Residence permit,2027-03-07,ESSEC,Bachelor,Enrolled,2027-11-07,20000,16723,3000,0,2000,0,15000,24,No,No,0,2026-10-07,Not eligible,4,3,"Visa expires before the loan is scheduled to end. | No guarantor has been provided. | Guarantor is not a French resident. | Guarantor income is below €25,000 per year. | Savings cover less than three months of living costs. | Available funds do not cover annual tuition and living costs. | Requested loan is higher than the applicant's documented available funds.",standard_student_loan
APP0029,20,Brazil,Residence permit,2027-07-07,Paris Dauphine,Bachelor,Enrolled,2028-12-07,3000,9412,0,300,12000,1000,10000,48,Yes,Yes,35000,2026-10-07,Not eligible,1,1,Visa expires before the loan is scheduled to end. | Savings cover less than three months of living costs.,standard_student_loan
APP0030,22,China,Student visa,2028-06-07,Sciences Po,Bachelor,Enrolled,2029-03-07,15000,12440,6000,700,2000,0,10000,60,No,No,0,2026-10-07,Not eligible,4,1,"Visa expires before the loan is scheduled to end. | No guarantor has been provided. | Guarantor is not a French resident. | Guarantor income is below €25,000 per year. | Available funds do not cover annual tuition and living costs.",standard_student_loan
APP0031,24,Morocco,Student visa,2028-01-07,HEC Paris,Master,Enrolled,2028-08-07,0,16400,10000,300,12000,1000,10000,36,No,No,0,2026-10-07,Not eligible,4,0,"Visa expires before the loan is scheduled to end. | No guarantor has been provided. | Guarantor is not a French resident. | Guarantor income is below €25,000 per year.",standard_student_loan
APP0032,27,Italy,Residence permit,2028-09-07,Université Paris-Saclay,Master,Enrolled,2029-02-07,15000,10062,0,300,0,1000,10000,120,Yes,Yes,25000,2026-10-07,Not eligible,1,3,Visa expires before the loan is scheduled to end. | Savings cover less than three months of living costs. | Available funds do not cover annual tuition and living costs. | Requested loan is higher than the applicant's documented available funds.,standard_student_loan
APP0033,28,Germany,Student visa,2028-05-07,Sciences Po,PhD,Enrolled,2027-10-07,8000,10191,0,700,8000,0,3000,48,Yes,Yes,15000,2026-10-07,Not eligible,2,2,"Visa expires before the loan is scheduled to end. | Guarantor income is below €25,000 per year. | Savings cover less than three months of living costs. | Available funds do not cover annual tuition and living costs.",standard_student_loan
APP0034,19,China,Residence permit,2027-07-07,Sciences Po,Master,Not enrolled,2027-07-07,8000,16419,0,700,5000,0,25000,48,Yes,No,50000,2026-10-07,Not eligible,4,3,"Applicant is not enrolled in a recognised institution. | Requested loan exceeds the bank maximum of €20,000. | Visa expires before the loan is scheduled to end. | Guarantor is not a French resident. | Savings cover less than three months of living costs. | Available funds do not cover annual tuition and living costs. | Requested loan is higher than the applicant's documented available funds.",standard_student_loan
APP0035,22,China,Residence permit,2029-04-07,HEC Paris,Bachelor,Enrolled,2027-12-07,12000,15530,6000,900,2000,0,20000,120,Yes,Yes,35000,2026-10-07,Not eligible,1,2,Visa expires before the loan is scheduled to end. | Available funds do not cover annual tuition and living costs. | Requested loan is higher than the applicant's documented available funds.,standard_student_loan
APP0036,30,USA,Student visa,2029-08-07,Sciences Po,PhD,Enrolled,2028-06-07,15000,14348,3000,500,0,0,6000,24,No,No,0,2026-10-07,Not eligible,3,2,"No guarantor has been provided. | Guarantor is not a French resident. | Guarantor income is below €25,000 per year. | Savings cover less than three months of living costs. | Available funds do not cover annual tuition and living costs.",standard_student_loan
APP0037,27,Vietnam,Student visa,2027-11-07,Université Paris-Saclay,Bachelor,Enrolled,2028-07-07,15000,16575,6000,0,0,0,10000,36,Yes,Yes,70000,2026-10-07,Not eligible,1,2,Visa expires before the loan is scheduled to end. | Available funds do not cover annual tuition and living costs. | Requested loan is higher than the applicant's documented available funds.,standard_student_loan
APP0038,29,Vietnam,Student visa,2028-05-07,Sorbonne University,Master,Enrolled,2028-12-07,15000,11779,3000,0,0,6000,10000,120,Yes,Yes,25000,2026-10-07,Not eligible,1,3,"Visa expires before the loan is scheduled to end. | Available funds do not cover annual tuition and living costs. | Existing debt is above €5,000. | Requested loan is higher than the applicant's documented available funds.",standard_student_loan
APP0039,20,Brazil,Student visa,2027-05-07,Université Paris-Saclay,Master,Enrolled,2027-04-07,15000,11193,15000,0,5000,0,25000,48,Yes,Yes,70000,2026-10-07,Not eligible,2,2,"Requested loan exceeds the bank maximum of €20,000. | Visa expires before the loan is scheduled to end. | Available funds do not cover annual tuition and living costs. | Requested loan is higher than the applicant's documented available funds.",standard_student_loan
APP0040,19,USA,Student visa,2028-09-07,Paris Dauphine,Master,Enrolled,2027-09-07,12000,14989,15000,500,8000,3000,10000,120,Yes,Yes,15000,2026-10-07,Not eligible,2,0,"Visa expires before the loan is scheduled to end. | Guarantor income is below €25,000 per year.",standard_student_loan
APP0041,31,Vietnam,Student visa,2027-04-07,Paris Dauphine,Bachelor,Enrolled,2028-08-07,15000,12419,3000,0,5000,0,20000,36,Yes,Yes,70000,2026-10-07,Not eligible,1,3,Visa expires before the loan is scheduled to end. | Savings cover less than three months of living costs. | Available funds do not cover annual tuition and living costs. | Requested loan is higher than the applicant's documented available funds.,standard_student_loan
APP0042,24,Italy,Student visa,2027-05-07,Paris Dauphine,PhD,Enrolled,2029-06-07,8000,13719,3000,300,8000,1000,20000,60,No,No,0,2026-10-07,Not eligible,4,3,"Visa expires before the loan is scheduled to end. | No guarantor has been provided. | Guarantor is not a French resident. | Guarantor income is below €25,000 per year. | Savings cover less than three months of living costs. | Available funds do not cover annual tuition and living costs. | Requested loan is higher than the applicant's documented available funds.",standard_student_loan
APP0043,20,USA,Student visa,2028-06-07,Université Paris-Saclay,Bachelor,Enrolled,2029-06-07,0,10331,6000,300,12000,0,10000,24,No,No,0,2026-10-07,Not eligible,4,0,"Visa expires before the loan is scheduled to end. | No guarantor has been provided. | Guarantor is not a French resident. | Guarantor income is below €25,000 per year.",standard_student_loan
APP0044,22,Brazil,Residence permit,2027-10-07,Université Paris-Saclay,Bachelor,Not enrolled,2028-01-07,15000,14971,3000,900,5000,0,15000,48,No,No,0,2026-10-07,Not eligible,5,2,"Applicant is not enrolled in a recognised institution. | Visa expires before the loan is scheduled to end. | No guarantor has been provided. | Guarantor is not a French resident. | Guarantor income is below €25,000 per year. | Savings cover less than three months of living costs. | Available funds do not cover annual tuition and living costs.",standard_student_loan
APP0045,29,Vietnam,Residence permit,2028-04-07,Sorbonne University,PhD,Enrolled,2027-11-07,12000,17472,10000,300,8000,0,6000,48,Yes,Yes,15000,2026-10-07,Not eligible,2,1,"Visa expires before the loan is scheduled to end. | Guarantor income is below €25,000 per year. | Available funds do not cover annual tuition and living costs.",standard_student_loan
APP0046,20,Nigeria,Residence permit,2029-04-07,HEC Paris,PhD,Enrolled,2029-01-07,0,15376,3000,700,0,0,6000,36,No,No,0,2026-10-07,Not eligible,4,2,"Visa expires before the loan is scheduled to end. | No guarantor has been provided. | Guarantor is not a French resident. | Guarantor income is below €25,000 per year. | Savings cover less than three months of living costs. | Available funds do not cover annual tuition and living costs.",standard_student_loan
APP0047,27,Turkey,Residence permit,2028-10-07,Université Paris-Saclay,Master,Enrolled,2029-09-07,0,13143,0,0,8000,3000,6000,36,No,No,0,2026-10-07,Not eligible,4,2,"Visa expires before the loan is scheduled to end. | No guarantor has been provided. | Guarantor is not a French resident. | Guarantor income is below €25,000 per year. | Savings cover less than three months of living costs. | Available funds do not cover annual tuition and living costs.",standard_student_loan
APP0048,26,China,Student visa,2027-02-07,Sorbonne University,Bachelor,Enrolled,2028-05-07,0,14126,6000,700,8000,0,20000,48,No,No,0,2026-10-07,Not eligible,4,0,"Visa expires before the loan is scheduled to end. | No guarantor has been provided. | Guarantor is not a French resident. | Guarantor income is below €25,000 per year.",standard_student_loan
APP0049,30,Turkey,Student visa,2027-10-07,Université Paris-Saclay,PhD,Enrolled,2028-08-07,3000,16641,6000,0,2000,0,10000,24,Yes,Yes,50000,2026-10-07,Not eligible,1,2,Visa expires before the loan is scheduled to end. | Available funds do not cover annual tuition and living costs. | Requested loan is higher than the applicant's documented available funds.,standard_student_loan
APP0050,20,Nigeria,Student visa,2027-08-07,Paris Dauphine,Bachelor,Enrolled,2028-03-07,0,11472,3000,700,5000,0,10000,120,Yes,Yes,35000,2026-10-07,Not eligible,1,0,Visa expires before the loan is scheduled to end.,standard_student_loan
APP0051,23,India,Student visa,2028-10-07,Paris Dauphine,Bachelor,Enrolled,2027-09-07,3000,15986,0,700,0,3000,3000,120,No,No,0,2026-10-07,Not eligible,4,2,"Visa expires before the loan is scheduled to end. | No guarantor has been provided. | Guarantor is not a French resident. | Guarantor income is below €25,000 per year. | Savings cover less than three months of living costs. | Available funds do not cover annual tuition and living costs.",standard_student_loan
APP0052,24,Turkey,Student visa,2027-02-07,Université Paris-Saclay,Bachelor,Enrolled,2028-02-07,15000,17837,15000,300,8000,3000,15000,48,No,No,0,2026-10-07,Not eligible,4,1,"Visa expires before the loan is scheduled to end. | No guarantor has been provided. | Guarantor is not a French resident. | Guarantor income is below €25,000 per year. | Available funds do not cover annual tuition and living costs.",standard_student_loan
APP0053,24,Vietnam,Residence permit,2029-02-07,Sorbonne University,PhD,Enrolled,2028-10-07,0,13208,6000,700,8000,0,10000,60,Yes,Yes,50000,2026-10-07,Not eligible,1,0,Visa expires before the loan is scheduled to end.,standard_student_loan
APP0054,26,Brazil,Residence permit,2027-10-07,Sorbonne University,Master,Enrolled,2028-01-07,20000,11060,6000,0,0,0,3000,48,Yes,Yes,25000,2026-10-07,Not eligible,1,1,Visa expires before the loan is scheduled to end. | Available funds do not cover annual tuition and living costs.,standard_student_loan
APP0055,30,Morocco,Student visa,2028-02-07,Paris Dauphine,Bachelor,Not enrolled,2028-02-07,20000,11635,3000,900,8000,0,15000,48,Yes,No,50000,2026-10-07,Not eligible,3,1,Applicant is not enrolled in a recognised institution. | Visa expires before the loan is scheduled to end. | Guarantor is not a French resident. | Available funds do not cover annual tuition and living costs.,standard_student_loan
APP0056,30,Morocco,Residence permit,2029-06-07,HEC Paris,Master,Enrolled,2027-08-07,15000,16546,6000,900,2000,1000,15000,48,No,No,0,2026-10-07,Not eligible,4,1,"Visa expires before the loan is scheduled to end. | No guarantor has been provided. | Guarantor is not a French resident. | Guarantor income is below €25,000 per year. | Available funds do not cover annual tuition and living costs.",standard_student_loan
APP0057,19,USA,Student visa,2029-01-07,Sciences Po,PhD,Enrolled,2028-06-07,8000,10997,0,0,5000,0,6000,48,Yes,Yes,25000,2026-10-07,Not eligible,1,3,Visa expires before the loan is scheduled to end. | Savings cover less than three months of living costs. | Available funds do not cover annual tuition and living costs. | Requested loan is higher than the applicant's documented available funds.,standard_student_loan
APP0058,31,China,Student visa,2029-09-07,HEC Paris,PhD,Enrolled,2027-10-07,12000,11204,1000,300,2000,3000,3000,36,Yes,Yes,50000,2026-10-07,Not eligible,1,2,Visa expires before the loan is scheduled to end. | Savings cover less than three months of living costs. | Available funds do not cover annual tuition and living costs.,standard_student_loan
APP0059,29,Turkey,Student visa,2027-10-07,Sorbonne University,Bachelor,Enrolled,2027-09-07,8000,15371,3000,500,5000,1000,10000,60,No,No,0,2026-10-07,Not eligible,4,2,"Visa expires before the loan is scheduled to end. | No guarantor has been provided. | Guarantor is not a French resident. | Guarantor income is below €25,000 per year. | Savings cover less than three months of living costs. | Available funds do not cover annual tuition and living costs.",standard_student_loan
APP0060,20,Nigeria,Residence permit,2029-03-07,Sorbonne University,Master,Enrolled,2028-10-07,12000,9793,3000,300,0,6000,10000,36,No,No,0,2026-10-07,Not eligible,4,3,"Visa expires before the loan is scheduled to end. | No guarantor has been provided. | Guarantor is not a French resident. | Guarantor income is below €25,000 per year. | Available funds do not cover annual tuition and living costs. | Existing debt is above €5,000. | Requested loan is higher than the applicant's documented available funds.",standard_student_loan
APP0061,30,Brazil,Residence permit,2029-02-07,HEC Paris,Bachelor,Enrolled,2029-09-07,0,16790,10000,500,0,6000,15000,120,No,No,0,2026-10-07,Not eligible,4,2,"Visa expires before the loan is scheduled to end. | No guarantor has been provided. | Guarantor is not a French resident. | Guarantor income is below €25,000 per year. | Available funds do not cover annual tuition and living costs. | Existing debt is above €5,000.",standard_student_loan
APP0062,28,China,Residence permit,2029-04-07,Université Paris-Saclay,Bachelor,Enrolled,2027-12-07,8000,16196,1000,700,12000,0,6000,36,No,No,0,2026-10-07,Not eligible,4,2,"Visa expires before the loan is scheduled to end. | No guarantor has been provided. | Guarantor is not a French resident. | Guarantor income is below €25,000 per year. | Savings cover less than three months of living costs. | Available funds do not cover annual tuition and living costs.",standard_student_loan
APP0063,24,India,Student visa,2028-11-07,Paris Dauphine,Bachelor,Not enrolled,2029-01-07,8000,14031,6000,300,8000,0,15000,36,No,No,0,2026-10-07,Not eligible,5,1,"Applicant is not enrolled in a recognised institution. | Visa expires before the loan is scheduled to end. | No guarantor has been provided. | Guarantor is not a French resident. | Guarantor income is below €25,000 per year. | Available funds do not cover annual tuition and living costs.",standard_student_loan
APP0064,29,Brazil,Residence permit,2027-02-07,HEC Paris,Master,Enrolled,2029-06-07,12000,12600,6000,0,12000,0,10000,60,Yes,Yes,35000,2026-10-07,Not eligible,1,1,Visa expires before the loan is scheduled to end. | Available funds do not cover annual tuition and living costs.,standard_student_loan
APP0065,29,Nigeria,Residence permit,2028-10-07,Paris Dauphine,Bachelor,Enrolled,2028-09-07,12000,9966,15000,300,5000,3000,10000,24,Yes,No,25000,2026-10-07,Not eligible,1,0,Guarantor is not a French resident.,standard_student_loan
APP0066,21,Morocco,Student visa,2028-07-07,HEC Paris,Master,Enrolled,2029-09-07,0,13524,3000,700,5000,0,15000,36,Yes,Yes,25000,2026-10-07,Not eligible,1,1,Visa expires before the loan is scheduled to end. | Savings cover less than three months of living costs.,standard_student_loan
APP0067,24,USA,Residence permit,2027-04-07,HEC Paris,PhD,Enrolled,2029-08-07,0,13873,3000,500,5000,0,6000,36,Yes,Yes,25000,2026-10-07,Not eligible,1,1,Visa expires before the loan is scheduled to end. | Savings cover less than three months of living costs.,standard_student_loan
APP0068,26,Germany,Residence permit,2027-01-07,Sorbonne University,Bachelor,Enrolled,2027-06-07,3000,17519,1000,700,0,1000,6000,36,No,No,0,2026-10-07,Not eligible,4,2,"Visa expires before the loan is scheduled to end. | No guarantor has been provided. | Guarantor is not a French resident. | Guarantor income is below €25,000 per year. | Savings cover less than three months of living costs. | Available funds do not cover annual tuition and living costs.",standard_student_loan
APP0069,26,Vietnam,Student visa,2028-02-07,Paris Dauphine,PhD,Enrolled,2028-05-07,15000,13547,15000,0,5000,0,3000,36,No,No,0,2026-10-07,Not eligible,4,1,"Visa expires before the loan is scheduled to end. | No guarantor has been provided. | Guarantor is not a French resident. | Guarantor income is below €25,000 per year. | Available funds do not cover annual tuition and living costs.",standard_student_loan
APP0070,31,Germany,Student visa,2028-07-07,Sciences Po,Master,Enrolled,2029-07-07,12000,15852,3000,0,2000,1000,6000,120,Yes,Yes,15000,2026-10-07,Not eligible,2,3,"Visa expires before the loan is scheduled to end. | Guarantor income is below €25,000 per year. | Savings cover less than three months of living costs. | Available funds do not cover annual tuition and living costs. | Requested loan is higher than the applicant's documented available funds.",standard_student_loan
APP0071,23,India,Student visa,2028-10-07,Université Paris-Saclay,Master,Enrolled,2028-08-07,15000,11679,15000,300,0,0,10000,24,Yes,Yes,25000,2026-10-07,Conditional,0,1,Available funds do not cover annual tuition and living costs.,standard_student_loan
APP0072,24,Germany,Student visa,2028-10-07,Paris Dauphine,PhD,Enrolled,2027-07-07,0,17996,0,900,0,1000,6000,24,Yes,Yes,25000,2026-10-07,Conditional,0,2,Savings cover less than three months of living costs. | Available funds do not cover annual tuition and living costs.,standard_student_loan
APP0073,23,China,Student visa,2028-10-07,Paris Dauphine,PhD,Enrolled,2029-04-07,3000,13263,3000,500,5000,1000,20000,120,Yes,Yes,50000,2026-10-07,Not eligible,1,3,Visa expires before the loan is scheduled to end. | Savings cover less than three months of living costs. | Available funds do not cover annual tuition and living costs. | Requested loan is higher than the applicant's documented available funds.,standard_student_loan
APP0074,30,China,Student visa,2027-01-07,HEC Paris,Bachelor,Enrolled,2027-07-07,15000,13124,3000,0,2000,3000,6000,48,Yes,Yes,15000,2026-10-07,Not eligible,2,3,"Visa expires before the loan is scheduled to end. | Guarantor income is below €25,000 per year. | Savings cover less than three months of living costs. | Available funds do not cover annual tuition and living costs. | Requested loan is higher than the applicant's documented available funds.",standard_student_loan
APP0075,25,Italy,Student visa,2028-12-07,Université Paris-Saclay,PhD,Not enrolled,2027-08-07,8000,16715,6000,0,8000,3000,25000,48,No,No,0,2026-10-07,Not eligible,6,2,"Applicant is not enrolled in a recognised institution. | Requested loan exceeds the bank maximum of €20,000. | Visa expires before the loan is scheduled to end. | No guarantor has been provided. | Guarantor is not a French resident. | Guarantor income is below €25,000 per year. | Available funds do not cover annual tuition and living costs. | Requested loan is higher than the applicant's documented available funds.",standard_student_loan
APP0076,27,India,Student visa,2028-05-07,HEC Paris,PhD,Enrolled,2029-08-07,12000,15185,3000,0,0,0,25000,36,Yes,Yes,15000,2026-10-07,Not eligible,3,3,"Requested loan exceeds the bank maximum of €20,000. | Visa expires before the loan is scheduled to end. | Guarantor income is below €25,000 per year. | Savings cover less than three months of living costs. | Available funds do not cover annual tuition and living costs. | Requested loan is higher than the applicant's documented available funds.",standard_student_loan
APP0077,19,Italy,Residence permit,2028-05-07,ESSEC,Bachelor,Not enrolled,2029-02-07,8000,13107,6000,700,8000,3000,15000,24,Yes,Yes,50000,2026-10-07,Not eligible,2,0,Applicant is not enrolled in a recognised institution. | Visa expires before the loan is scheduled to end.,standard_student_loan
APP0078,30,Turkey,Student visa,2028-03-07,ESSEC,Master,Enrolled,2027-12-07,20000,17238,0,500,12000,1000,10000,120,No,No,0,2026-10-07,Not eligible,4,2,"Visa expires before the loan is scheduled to end. | No guarantor has been provided. | Guarantor is not a French resident. | Guarantor income is below €25,000 per year. | Savings cover less than three months of living costs. | Available funds do not cover annual tuition and living costs.",standard_student_loan
APP0079,21,Brazil,Residence permit,2027-08-07,HEC Paris,Master,Not enrolled,2029-02-07,15000,12294,10000,700,2000,3000,3000,48,No,No,0,2026-10-07,Not eligible,5,1,"Applicant is not enrolled in a recognised institution. | Visa expires before the loan is scheduled to end. | No guarantor has been provided. | Guarantor is not a French resident. | Guarantor income is below €25,000 per year. | Available funds do not cover annual tuition and living costs.",standard_student_loan
APP0080,29,China,Student visa,2029-02-07,HEC Paris,PhD,Enrolled,2028-03-07,12000,15640,6000,500,8000,1000,10000,60,Yes,Yes,50000,2026-10-07,Not eligible,1,1,Visa expires before the loan is scheduled to end. | Available funds do not cover annual tuition and living costs.,standard_student_loan
APP0081,29,Italy,Student visa,2028-01-07,Paris Dauphine,PhD,Enrolled,2027-06-07,0,11032,3000,300,5000,3000,25000,36,Yes,Yes,50000,2026-10-07,Not eligible,2,1,"Requested loan exceeds the bank maximum of €20,000. | Visa expires before the loan is scheduled to end. | Requested loan is higher than the applicant's documented available funds.",standard_student_loan
APP0082,19,Nigeria,Residence permit,2029-06-07,Sorbonne University,Master,Enrolled,2028-04-07,8000,11033,3000,0,0,0,25000,24,Yes,Yes,35000,2026-10-07,Not eligible,1,2,"Requested loan exceeds the bank maximum of €20,000. | Available funds do not cover annual tuition and living costs. | Requested loan is higher than the applicant's documented available funds.",standard_student_loan
APP0083,29,China,Student visa,2027-06-07,ESSEC,Master,Not enrolled,2028-05-07,12000,10868,15000,700,0,0,20000,120,Yes,Yes,15000,2026-10-07,Not eligible,3,0,"Applicant is not enrolled in a recognised institution. | Visa expires before the loan is scheduled to end. | Guarantor income is below €25,000 per year.",standard_student_loan
APP0084,28,Brazil,Residence permit,2029-02-07,Université Paris-Saclay,PhD,Enrolled,2029-05-07,15000,12845,10000,500,2000,1000,10000,24,No,No,0,2026-10-07,Not eligible,3,1,"No guarantor has been provided. | Guarantor is not a French resident. | Guarantor income is below €25,000 per year. | Available funds do not cover annual tuition and living costs.",standard_student_loan
APP0085,19,Vietnam,Student visa,2028-12-07,Sciences Po,PhD,Enrolled,2027-06-07,3000,16287,10000,0,12000,3000,10000,48,Yes,Yes,50000,2026-10-07,Not eligible,1,0,Visa expires before the loan is scheduled to end.,standard_student_loan
APP0086,20,Vietnam,Student visa,2027-12-07,Sorbonne University,Master,Enrolled,2028-06-07,12000,9954,3000,0,0,1000,3000,36,Yes,Yes,15000,2026-10-07,Not eligible,2,1,"Visa expires before the loan is scheduled to end. | Guarantor income is below €25,000 per year. | Available funds do not cover annual tuition and living costs.",standard_student_loan
APP0087,23,China,Student visa,2028-01-07,Sciences Po,PhD,Enrolled,2027-11-07,15000,9317,6000,700,2000,1000,10000,120,Yes,Yes,35000,2026-10-07,Not eligible,1,1,Visa expires before the loan is scheduled to end. | Available funds do not cover annual tuition and living costs.,standard_student_loan
APP0088,26,Brazil,Residence permit,2028-07-07,ESSEC,PhD,Enrolled,2029-07-07,15000,10704,3000,0,12000,0,15000,60,No,No,0,2026-10-07,Not eligible,4,1,"Visa expires before the loan is scheduled to end. | No guarantor has been provided. | Guarantor is not a French resident. | Guarantor income is below €25,000 per year. | Available funds do not cover annual tuition and living costs.",standard_student_loan
APP0089,21,Nigeria,Residence permit,2029-07-07,Sorbonne University,PhD,Enrolled,2028-01-07,15000,12741,15000,0,5000,3000,6000,36,Yes,No,50000,2026-10-07,Not eligible,2,1,Visa expires before the loan is scheduled to end. | Guarantor is not a French resident. | Available funds do not cover annual tuition and living costs.,standard_student_loan
APP0090,19,Vietnam,Residence permit,2029-07-07,ESSEC,Bachelor,Enrolled,2029-03-07,15000,10007,1000,700,5000,6000,6000,60,Yes,Yes,70000,2026-10-07,Not eligible,1,3,"Visa expires before the loan is scheduled to end. | Savings cover less than three months of living costs. | Available funds do not cover annual tuition and living costs. | Existing debt is above €5,000.",standard_student_loan
APP0091,22,China,Residence permit,2029-08-07,ESSEC,Bachelor,Enrolled,2027-07-07,3000,10040,10000,700,5000,0,3000,36,Yes,Yes,50000,2026-10-07,Not eligible,1,0,Visa expires before the loan is scheduled to end.,standard_student_loan
APP0092,31,India,Residence permit,2027-12-07,Sorbonne University,PhD,Enrolled,2027-06-07,12000,14126,0,700,2000,3000,6000,36,No,No,0,2026-10-07,Not eligible,4,2,"Visa expires before the loan is scheduled to end. | No guarantor has been provided. | Guarantor is not a French resident. | Guarantor income is below €25,000 per year. | Savings cover less than three months of living costs. | Available funds do not cover annual tuition and living costs.",standard_student_loan
APP0093,21,Vietnam,Student visa,2028-01-07,Sciences Po,Master,Enrolled,2028-06-07,15000,10098,1000,0,8000,1000,6000,24,Yes,Yes,70000,2026-10-07,Not eligible,1,2,Visa expires before the loan is scheduled to end. | Savings cover less than three months of living costs. | Available funds do not cover annual tuition and living costs.,standard_student_loan
APP0094,26,Germany,Residence permit,2029-04-07,Université Paris-Saclay,Bachelor,Enrolled,2028-06-07,8000,13179,3000,0,12000,0,20000,36,No,No,0,2026-10-07,Not eligible,4,3,"Visa expires before the loan is scheduled to end. | No guarantor has been provided. | Guarantor is not a French resident. | Guarantor income is below €25,000 per year. | Savings cover less than three months of living costs. | Available funds do not cover annual tuition and living costs. | Requested loan is higher than the applicant's documented available funds.",standard_student_loan
APP0095,30,China,Student visa,2028-06-07,Sciences Po,Bachelor,Enrolled,2028-07-07,8000,14179,1000,700,8000,3000,20000,60,Yes,Yes,35000,2026-10-07,Not eligible,1,3,Visa expires before the loan is scheduled to end. | Savings cover less than three months of living costs. | Available funds do not cover annual tuition and living costs. | Requested loan is higher than the applicant's documented available funds.,standard_student_loan
APP0096,26,Germany,Student visa,2027-03-07,ESSEC,PhD,Enrolled,2028-06-07,8000,10875,3000,0,5000,0,10000,120,Yes,Yes,25000,2026-10-07,Not eligible,1,2,Visa expires before the loan is scheduled to end. | Available funds do not cover annual tuition and living costs. | Requested loan is higher than the applicant's documented available funds.,standard_student_loan
APP0097,19,Germany,Student visa,2027-08-07,HEC Paris,Bachelor,Enrolled,2029-09-07,8000,10389,15000,700,8000,3000,25000,24,Yes,Yes,70000,2026-10-07,Not eligible,2,0,"Requested loan exceeds the bank maximum of €20,000. | Visa expires before the loan is scheduled to end.",standard_student_loan
APP0098,19,India,Residence permit,2027-12-07,ESSEC,Bachelor,Not enrolled,2028-06-07,8000,11720,6000,0,2000,1000,3000,120,Yes,Yes,15000,2026-10-07,Not eligible,3,1,"Applicant is not enrolled in a recognised institution. | Visa expires before the loan is scheduled to end. | Guarantor income is below €25,000 per year. | Available funds do not cover annual tuition and living costs.",standard_student_loan
APP0099,25,Turkey,Student visa,2027-02-07,Sciences Po,Bachelor,Not enrolled,2029-05-07,12000,12041,0,500,12000,0,20000,24,Yes,No,25000,2026-10-07,Not eligible,3,3,Applicant is not enrolled in a recognised institution. | Visa expires before the loan is scheduled to end. | Guarantor is not a French resident. | Savings cover less than three months of living costs. | Available funds do not cover annual tuition and living costs. | Requested loan is higher than the applicant's documented available funds.,standard_student_loan
APP0100,25,China,Residence permit,2029-07-07,Université Paris-Saclay,Master,Enrolled,2028-09-07,20000,12911,10000,700,2000,3000,3000,60,No,No,0,2026-10-07,Not eligible,4,1,"Visa expires before the loan is scheduled to end. | No guarantor has been provided. | Guarantor is not a French resident. | Guarantor income is below €25,000 per year. | Available funds do not cover annual tuition and living costs.",standard_student_loan
APP0101,21,Italy,Student visa,2028-02-07,Sorbonne University,Bachelor,Enrolled,2029-01-07,12000,10560,10000,0,12000,0,6000,120,Yes,Yes,50000,2026-10-07,Not eligible,1,1,Visa expires before the loan is scheduled to end. | Available funds do not cover annual tuition and living costs.,standard_student_loan
APP0102,20,Brazil,Residence permit,2028-07-07,Paris Dauphine,Bachelor,Enrolled,2029-03-07,20000,17946,6000,0,0,0,10000,120,Yes,Yes,35000,2026-10-07,Not eligible,1,2,Visa expires before the loan is scheduled to end. | Available funds do not cover annual tuition and living costs. | Requested loan is higher than the applicant's documented available funds.,standard_student_loan
APP0103,31,Turkey,Residence permit,2028-12-07,Sciences Po,PhD,Enrolled,2027-07-07,12000,12453,15000,0,12000,1000,10000,120,No,No,0,2026-10-07,Not eligible,4,0,"Visa expires before the loan is scheduled to end. | No guarantor has been provided. | Guarantor is not a French resident. | Guarantor income is below €25,000 per year.",standard_student_loan
APP0104,22,Nigeria,Residence permit,2027-06-07,Sorbonne University,PhD,Enrolled,2028-10-07,12000,13732,1000,500,5000,3000,3000,60,Yes,Yes,35000,2026-10-07,Not eligible,1,2,Visa expires before the loan is scheduled to end. | Savings cover less than three months of living costs. | Available funds do not cover annual tuition and living costs.,standard_student_loan
APP0105,25,China,Residence permit,2028-02-07,Paris Dauphine,Master,Not enrolled,2029-02-07,8000,13648,1000,700,5000,1000,10000,36,No,No,0,2026-10-07,Not eligible,5,2,"Applicant is not enrolled in a recognised institution. | Visa expires before the loan is scheduled to end. | No guarantor has been provided. | Guarantor is not a French resident. | Guarantor income is below €25,000 per year. | Savings cover less than three months of living costs. | Available funds do not cover annual tuition and living costs.",standard_student_loan
APP0106,30,Nigeria,Student visa,2027-02-07,HEC Paris,Master,Enrolled,2027-08-07,3000,14543,6000,300,2000,0,20000,36,Yes,Yes,25000,2026-10-07,Not eligible,1,2,Visa expires before the loan is scheduled to end. | Available funds do not cover annual tuition and living costs. | Requested loan is higher than the applicant's documented available funds.,standard_student_loan
APP0107,23,Vietnam,Student visa,2028-08-07,Sorbonne University,Bachelor,Enrolled,2028-03-07,12000,9575,3000,300,5000,0,10000,24,Yes,Yes,15000,2026-10-07,Not eligible,2,1,"Visa expires before the loan is scheduled to end. | Guarantor income is below €25,000 per year. | Available funds do not cover annual tuition and living costs.",standard_student_loan
APP0108,30,Nigeria,Residence permit,2029-04-07,ESSEC,Master,Enrolled,2027-09-07,3000,9956,0,900,0,0,3000,24,No,No,0,2026-10-07,Not eligible,3,2,"No guarantor has been provided. | Guarantor is not a French resident. | Guarantor income is below €25,000 per year. | Savings cover less than three months of living costs. | Available funds do not cover annual tuition and living costs.",standard_student_loan
APP0109,23,China,Residence permit,2029-09-07,ESSEC,PhD,Enrolled,2028-05-07,12000,17467,15000,900,0,6000,15000,24,Yes,Yes,70000,2026-10-07,Conditional,0,2,"Available funds do not cover annual tuition and living costs. | Existing debt is above €5,000.",standard_student_loan
APP0110,25,Germany,Residence permit,2028-08-07,Sciences Po,PhD,Enrolled,2029-09-07,3000,10969,1000,500,12000,0,15000,120,Yes,Yes,35000,2026-10-07,Not eligible,1,1,Visa expires before the loan is scheduled to end. | Savings cover less than three months of living costs.,standard_student_loan
APP0111,20,Turkey,Student visa,2027-01-07,Paris Dauphine,Master,Enrolled,2029-05-07,8000,15257,1000,700,12000,3000,3000,24,No,No,0,2026-10-07,Not eligible,4,2,"Visa expires before the loan is scheduled to end. | No guarantor has been provided. | Guarantor is not a French resident. | Guarantor income is below €25,000 per year. | Savings cover less than three months of living costs. | Available funds do not cover annual tuition and living costs.",standard_student_loan
APP0112,23,Brazil,Residence permit,2027-05-07,Paris Dauphine,Bachelor,Enrolled,2029-09-07,12000,14105,6000,300,12000,6000,15000,120,Yes,Yes,25000,2026-10-07,Not eligible,1,2,"Visa expires before the loan is scheduled to end. | Available funds do not cover annual tuition and living costs. | Existing debt is above €5,000.",standard_student_loan
APP0113,31,Italy,Residence permit,2027-04-07,ESSEC,PhD,Enrolled,2027-09-07,20000,10000,3000,700,2000,0,15000,120,Yes,Yes,50000,2026-10-07,Not eligible,1,2,Visa expires before the loan is scheduled to end. | Available funds do not cover annual tuition and living costs. | Requested loan is higher than the applicant's documented available funds.,standard_student_loan
APP0114,23,Turkey,Residence permit,2028-07-07,Université Paris-Saclay,PhD,Enrolled,2029-04-07,12000,17927,3000,0,0,1000,15000,36,Yes,Yes,25000,2026-10-07,Not eligible,1,3,Visa expires before the loan is scheduled to end. | Savings cover less than three months of living costs. | Available funds do not cover annual tuition and living costs. | Requested loan is higher than the applicant's documented available funds.,standard_student_loan
APP0115,27,China,Residence permit,2027-03-07,Université Paris-Saclay,Bachelor,Enrolled,2027-11-07,8000,10177,1000,0,5000,0,10000,48,No,No,0,2026-10-07,Not eligible,4,3,"Visa expires before the loan is scheduled to end. | No guarantor has been provided. | Guarantor is not a French resident. | Guarantor income is below €25,000 per year. | Savings cover less than three months of living costs. | Available funds do not cover annual tuition and living costs. | Requested loan is higher than the applicant's documented available funds.",standard_student_loan
APP0116,24,Vietnam,Student visa,2028-09-07,Sciences Po,Master,Enrolled,2029-02-07,15000,14243,15000,500,2000,0,10000,48,No,No,0,2026-10-07,Not eligible,4,1,"Visa expires before the loan is scheduled to end. | No guarantor has been provided. | Guarantor is not a French resident. | Guarantor income is below €25,000 per year. | Available funds do not cover annual tuition and living costs.",standard_student_loan
APP0117,22,India,Student visa,2029-03-07,ESSEC,Master,Not enrolled,2029-07-07,8000,16311,0,700,2000,6000,20000,48,Yes,Yes,25000,2026-10-07,Not eligible,2,4,"Applicant is not enrolled in a recognised institution. | Visa expires before the loan is scheduled to end. | Savings cover less than three months of living costs. | Available funds do not cover annual tuition and living costs. | Existing debt is above €5,000. | Requested loan is higher than the applicant's documented available funds.",standard_student_loan
APP0118,25,China,Residence permit,2028-08-07,Université Paris-Saclay,Master,Enrolled,2027-10-07,15000,14291,0,500,12000,1000,20000,60,Yes,No,50000,2026-10-07,Not eligible,2,3,Visa expires before the loan is scheduled to end. | Guarantor is not a French resident. | Savings cover less than three months of living costs. | Available funds do not cover annual tuition and living costs. | Requested loan is higher than the applicant's documented available funds.,standard_student_loan
APP0119,28,China,Residence permit,2027-08-07,Université Paris-Saclay,Master,Enrolled,2028-08-07,3000,10316,3000,700,12000,1000,20000,48,Yes,Yes,35000,2026-10-07,Not eligible,1,0,Visa expires before the loan is scheduled to end.,standard_student_loan
APP0120,19,Morocco,Residence permit,2029-09-07,HEC Paris,PhD,Enrolled,2028-08-07,0,11852,6000,500,5000,0,10000,120,Yes,Yes,35000,2026-10-07,Not eligible,1,0,Visa expires before the loan is scheduled to end.,standard_student_loan
APP0121,25,Vietnam,Student visa,2028-09-07,Sorbonne University,Master,Enrolled,2028-01-07,8000,15602,15000,0,0,3000,10000,120,Yes,Yes,25000,2026-10-07,Not eligible,1,1,Visa expires before the loan is scheduled to end. | Available funds do not cover annual tuition and living costs.,standard_student_loan
APP0122,21,Morocco,Student visa,2027-09-07,Université Paris-Saclay,PhD,Enrolled,2029-06-07,3000,9707,3000,700,8000,0,15000,36,Yes,Yes,50000,2026-10-07,Not eligible,1,0,Visa expires before the loan is scheduled to end.,standard_student_loan
APP0123,24,Vietnam,Residence permit,2027-06-07,Université Paris-Saclay,Bachelor,Enrolled,2028-03-07,12000,12874,10000,300,0,1000,25000,120,Yes,Yes,35000,2026-10-07,Not eligible,2,2,"Requested loan exceeds the bank maximum of €20,000. | Visa expires before the loan is scheduled to end. | Available funds do not cover annual tuition and living costs. | Requested loan is higher than the applicant's documented available funds.",standard_student_loan
APP0124,28,Vietnam,Residence permit,2029-06-07,Sorbonne University,Master,Enrolled,2028-07-07,0,12719,10000,900,2000,0,6000,120,Yes,Yes,15000,2026-10-07,Not eligible,2,0,"Visa expires before the loan is scheduled to end. | Guarantor income is below €25,000 per year.",standard_student_loan
APP0125,26,Italy,Residence permit,2027-01-07,HEC Paris,Master,Enrolled,2028-12-07,0,15549,0,700,0,3000,15000,36,No,No,0,2026-10-07,Not eligible,4,3,"Visa expires before the loan is scheduled to end. | No guarantor has been provided. | Guarantor is not a French resident. | Guarantor income is below €25,000 per year. | Savings cover less than three months of living costs. | Available funds do not cover annual tuition and living costs. | Requested loan is higher than the applicant's documented available funds.",standard_student_loan
APP0126,31,USA,Student visa,2027-02-07,Université Paris-Saclay,Master,Enrolled,2027-05-07,20000,11496,3000,300,5000,1000,10000,48,Yes,Yes,25000,2026-10-07,Not eligible,1,1,Visa expires before the loan is scheduled to end. | Available funds do not cover annual tuition and living costs.,standard_student_loan
APP0127,24,Brazil,Student visa,2027-12-07,ESSEC,PhD,Not enrolled,2028-01-07,8000,14548,3000,700,12000,3000,15000,60,No,No,0,2026-10-07,Not eligible,5,1,"Applicant is not enrolled in a recognised institution. | Visa expires before the loan is scheduled to end. | No guarantor has been provided. | Guarantor is not a French resident. | Guarantor income is below €25,000 per year. | Savings cover less than three months of living costs.",standard_student_loan
APP0128,23,Italy,Residence permit,2027-02-07,Paris Dauphine,Bachelor,Enrolled,2027-06-07,3000,14907,6000,900,5000,0,6000,24,No,No,0,2026-10-07,Not eligible,4,0,"Visa expires before the loan is scheduled to end. | No guarantor has been provided. | Guarantor is not a French resident. | Guarantor income is below €25,000 per year.",standard_student_loan
APP0129,21,Vietnam,Student visa,2027-06-07,Sorbonne University,Bachelor,Enrolled,2028-12-07,0,11964,0,0,12000,1000,25000,60,Yes,Yes,15000,2026-10-07,Not eligible,3,2,"Requested loan exceeds the bank maximum of €20,000. | Visa expires before the loan is scheduled to end. | Guarantor income is below €25,000 per year. | Savings cover less than three months of living costs. | Requested loan is higher than the applicant's documented available funds.",standard_student_loan
APP0130,30,India,Student visa,2027-06-07,Sorbonne University,Master,Enrolled,2028-02-07,12000,14179,3000,300,5000,0,6000,48,Yes,Yes,25000,2026-10-07,Not eligible,1,2,Visa expires before the loan is scheduled to end. | Savings cover less than three months of living costs. | Available funds do not cover annual tuition and living costs.,standard_student_loan
APP0131,26,Italy,Student visa,2028-03-07,HEC Paris,Master,Not enrolled,2028-10-07,0,14448,10000,0,0,1000,15000,60,No,No,0,2026-10-07,Not eligible,5,2,"Applicant is not enrolled in a recognised institution. | Visa expires before the loan is scheduled to end. | No guarantor has been provided. | Guarantor is not a French resident. | Guarantor income is below €25,000 per year. | Available funds do not cover annual tuition and living costs. | Requested loan is higher than the applicant's documented available funds.",standard_student_loan
APP0132,19,Italy,Student visa,2029-05-07,Sciences Po,PhD,Enrolled,2029-07-07,15000,16857,1000,700,5000,0,10000,60,No,No,0,2026-10-07,Not eligible,4,2,"Visa expires before the loan is scheduled to end. | No guarantor has been provided. | Guarantor is not a French resident. | Guarantor income is below €25,000 per year. | Savings cover less than three months of living costs. | Available funds do not cover annual tuition and living costs.",standard_student_loan
APP0133,23,Morocco,Residence permit,2027-02-07,HEC Paris,Bachelor,Enrolled,2028-12-07,0,16758,6000,500,0,1000,6000,36,Yes,Yes,25000,2026-10-07,Not eligible,1,1,Visa expires before the loan is scheduled to end. | Available funds do not cover annual tuition and living costs.,standard_student_loan
APP0134,31,Brazil,Student visa,2029-08-07,Paris Dauphine,Master,Enrolled,2027-06-07,3000,13798,3000,0,0,0,20000,60,Yes,No,50000,2026-10-07,Not eligible,2,3,Visa expires before the loan is scheduled to end. | Guarantor is not a French resident. | Savings cover less than three months of living costs. | Available funds do not cover annual tuition and living costs. | Requested loan is higher than the applicant's documented available funds.,standard_student_loan
APP0135,31,Nigeria,Student visa,2028-09-07,Sciences Po,PhD,Not enrolled,2028-08-07,20000,9016,6000,900,8000,0,6000,36,Yes,No,35000,2026-10-07,Not eligible,3,1,Applicant is not enrolled in a recognised institution. | Visa expires before the loan is scheduled to end. | Guarantor is not a French resident. | Available funds do not cover annual tuition and living costs.,standard_student_loan
APP0136,29,USA,Student visa,2027-08-07,Université Paris-Saclay,Bachelor,Enrolled,2027-11-07,3000,17080,0,500,0,3000,10000,120,Yes,No,35000,2026-10-07,Not eligible,2,3,Visa expires before the loan is scheduled to end. | Guarantor is not a French resident. | Savings cover less than three months of living costs. | Available funds do not cover annual tuition and living costs. | Requested loan is higher than the applicant's documented available funds.,standard_student_loan
APP0137,19,China,Residence permit,2028-12-07,Sorbonne University,Master,Enrolled,2028-08-07,20000,15420,3000,300,12000,6000,25000,48,Yes,Yes,50000,2026-10-07,Not eligible,2,4,"Requested loan exceeds the bank maximum of €20,000. | Visa expires before the loan is scheduled to end. | Savings cover less than three months of living costs. | Available funds do not cover annual tuition and living costs. | Existing debt is above €5,000. | Requested loan is higher than the applicant's documented available funds.",standard_student_loan
APP0138,24,Germany,Residence permit,2029-08-07,HEC Paris,PhD,Enrolled,2028-01-07,0,15511,15000,0,8000,1000,10000,36,Yes,Yes,15000,2026-10-07,Not eligible,2,0,"Visa expires before the loan is scheduled to end. | Guarantor income is below €25,000 per year.",standard_student_loan
APP0139,27,Germany,Residence permit,2029-01-07,Université Paris-Saclay,Master,Enrolled,2029-09-07,15000,11196,1000,300,0,0,25000,60,Yes,Yes,25000,2026-10-07,Not eligible,2,3,"Requested loan exceeds the bank maximum of €20,000. | Visa expires before the loan is scheduled to end. | Savings cover less than three months of living costs. | Available funds do not cover annual tuition and living costs. | Requested loan is higher than the applicant's documented available funds.",standard_student_loan
APP0140,20,Brazil,Residence permit,2027-09-07,HEC Paris,Master,Enrolled,2029-06-07,12000,16128,1000,0,12000,1000,10000,24,Yes,Yes,15000,2026-10-07,Not eligible,2,2,"Visa expires before the loan is scheduled to end. | Guarantor income is below €25,000 per year. | Savings cover less than three months of living costs. | Available funds do not cover annual tuition and living costs.",standard_student_loan
APP0141,25,Nigeria,Residence permit,2027-12-07,Université Paris-Saclay,Master,Not enrolled,2028-09-07,12000,16165,3000,700,8000,3000,15000,48,Yes,Yes,50000,2026-10-07,Not eligible,2,2,Applicant is not enrolled in a recognised institution. | Visa expires before the loan is scheduled to end. | Savings cover less than three months of living costs. | Available funds do not cover annual tuition and living costs.,standard_student_loan
APP0142,30,Nigeria,Residence permit,2029-05-07,HEC Paris,Bachelor,Enrolled,2027-05-07,0,13558,0,900,5000,0,6000,48,Yes,Yes,25000,2026-10-07,Not eligible,1,1,Visa expires before the loan is scheduled to end. | Savings cover less than three months of living costs.,standard_student_loan
APP0143,19,Vietnam,Student visa,2027-03-07,ESSEC,Master,Enrolled,2028-10-07,0,14926,6000,700,5000,0,10000,24,No,No,0,2026-10-07,Not eligible,4,0,"Visa expires before the loan is scheduled to end. | No guarantor has been provided. | Guarantor is not a French resident. | Guarantor income is below €25,000 per year.",standard_student_loan
APP0144,21,Turkey,Student visa,2027-01-07,Sorbonne University,Bachelor,Enrolled,2027-06-07,8000,17033,1000,500,8000,1000,6000,24,No,No,0,2026-10-07,Not eligible,4,2,"Visa expires before the loan is scheduled to end. | No guarantor has been provided. | Guarantor is not a French resident. | Guarantor income is below €25,000 per year. | Savings cover less than three months of living costs. | Available funds do not cover annual tuition and living costs.",standard_student_loan
APP0145,28,Nigeria,Residence permit,2029-02-07,Sciences Po,Bachelor,Enrolled,2028-03-07,12000,10037,10000,700,8000,3000,20000,48,Yes,Yes,35000,2026-10-07,Not eligible,1,0,Visa expires before the loan is scheduled to end.,standard_student_loan
APP0146,22,Nigeria,Student visa,2027-04-07,HEC Paris,Master,Enrolled,2029-03-07,3000,16321,3000,300,8000,0,15000,60,No,No,0,2026-10-07,Not eligible,4,3,"Visa expires before the loan is scheduled to end. | No guarantor has been provided. | Guarantor is not a French resident. | Guarantor income is below €25,000 per year. | Savings cover less than three months of living costs. | Available funds do not cover annual tuition and living costs. | Requested loan is higher than the applicant's documented available funds.",standard_student_loan
APP0147,25,Turkey,Residence permit,2027-04-07,HEC Paris,Bachelor,Enrolled,2027-06-07,0,13431,1000,700,0,0,10000,48,Yes,Yes,25000,2026-10-07,Not eligible,1,3,Visa expires before the loan is scheduled to end. | Savings cover less than three months of living costs. | Available funds do not cover annual tuition and living costs. | Requested loan is higher than the applicant's documented available funds.,standard_student_loan
APP0148,21,Nigeria,Residence permit,2028-10-07,HEC Paris,PhD,Enrolled,2028-03-07,15000,14093,1000,700,5000,0,3000,24,Yes,No,35000,2026-10-07,Not eligible,1,2,Guarantor is not a French resident. | Savings cover less than three months of living costs. | Available funds do not cover annual tuition and living costs.,standard_student_loan
APP0149,29,India,Residence permit,2029-04-07,HEC Paris,Bachelor,Enrolled,2028-02-07,12000,14237,6000,300,5000,3000,3000,60,Yes,Yes,25000,2026-10-07,Not eligible,1,1,Visa expires before the loan is scheduled to end. | Available funds do not cover annual tuition and living costs.,standard_student_loan
APP0150,27,Turkey,Residence permit,2027-10-07,HEC Paris,Master,Enrolled,2028-04-07,12000,15397,6000,500,12000,3000,3000,48,Yes,Yes,35000,2026-10-07,Not eligible,1,1,Visa expires before the loan is scheduled to end. | Available funds do not cover annual tuition and living costs.,standard_student_loan
MICRO0001,31,China,Student visa,2028-09-08,Sciences Po,Master,Enrolled,2028-10-08,0,14578,10000,500,8000,0,4000,15,Yes,No,50000,2026-10-08,Conditional,0,1,Guarantor is not a French resident; enhanced verification is required.,short_term_micro_loan
MICRO0002,30,Nigeria,Student visa,2028-10-08,Sorbonne University,PhD,Enrolled,2029-04-08,3000,11558,1000,0,2000,0,3000,6,Yes,Yes,15000,2026-10-08,Conditional,0,3,"Guarantor income is below €25,000 per year. | Savings cover less than three months of living costs. | Available funds do not cover annual tuition and living costs.",short_term_micro_loan
MICRO0003,21,China,Student visa,2027-07-08,Université Paris-Saclay,Master,Enrolled,2027-10-08,0,17792,15000,700,2000,0,3000,9,Yes,Yes,15000,2026-10-08,Conditional,0,1,"Guarantor income is below €25,000 per year.",short_term_micro_loan
MICRO0004,19,India,Student visa,2027-04-08,Paris Dauphine,Bachelor,Enrolled,2027-09-08,3000,12843,1000,900,8000,6000,4000,12,Yes,Yes,15000,2026-10-08,Conditional,0,4,"Visa expires before the loan end date; residence renewal or post-study-work evidence is required. | Guarantor income is below €25,000 per year. | Savings cover less than three months of living costs. | Existing debt is above €5,000.",short_term_micro_loan
MICRO0005,26,Nigeria,Student visa,2028-02-08,Université Paris-Saclay,Bachelor,Enrolled,2029-04-08,20000,16892,3000,0,8000,0,1000,12,No,No,0,2026-10-08,Conditional,0,3,No guarantor provided; manual affordability review is required. | Savings cover less than three months of living costs. | Available funds do not cover annual tuition and living costs.,short_term_micro_loan
MICRO0006,25,Germany,Residence permit,2027-09-08,Sorbonne University,Master,Enrolled,2028-03-08,3000,14258,1000,700,8000,1000,4000,12,Yes,No,15000,2026-10-08,Conditional,0,4,"Visa expires before the loan end date; residence renewal or post-study-work evidence is required. | Guarantor is not a French resident; enhanced verification is required. | Guarantor income is below €25,000 per year. | Savings cover less than three months of living costs.",short_term_micro_loan
MICRO0007,27,Italy,Residence permit,2027-08-08,Paris Dauphine,Bachelor,Enrolled,2027-04-08,0,11454,6000,500,5000,0,2000,9,No,No,0,2026-10-08,Conditional,0,1,No guarantor provided; manual affordability review is required.,short_term_micro_loan
MICRO0008,21,Morocco,Residence permit,2027-01-08,ESSEC,Bachelor,Enrolled,2029-02-08,15000,15938,6000,300,0,0,500,12,No,No,0,2026-10-08,Conditional,0,3,Visa expires before the loan end date; residence renewal or post-study-work evidence is required. | No guarantor provided; manual affordability review is required. | Available funds do not cover annual tuition and living costs.,short_term_micro_loan
MICRO0009,25,Nigeria,Residence permit,2028-03-08,Paris Dauphine,Bachelor,Enrolled,2027-07-08,20000,12157,10000,500,2000,0,2000,6,Yes,Yes,70000,2026-10-08,Conditional,0,1,Available funds do not cover annual tuition and living costs.,short_term_micro_loan
MICRO0010,25,Morocco,Student visa,2029-04-08,ESSEC,Master,Enrolled,2029-09-08,0,10306,3000,700,12000,0,2000,9,Yes,No,25000,2026-10-08,Conditional,0,1,Guarantor is not a French resident; enhanced verification is required.,short_term_micro_loan
MICRO0011,29,Italy,Residence permit,2029-08-08,Paris Dauphine,PhD,Enrolled,2027-12-08,8000,10853,15000,900,2000,0,2000,9,Yes,Yes,25000,2026-10-08,Eligible,0,0,All micro-loan eligibility rules passed.,short_term_micro_loan
MICRO0012,24,USA,Student visa,2028-11-08,HEC Paris,Bachelor,Enrolled,2027-04-08,12000,14249,6000,300,5000,1000,500,9,Yes,Yes,35000,2026-10-08,Conditional,0,1,Available funds do not cover annual tuition and living costs.,short_term_micro_loan
MICRO0013,20,Germany,Residence permit,2027-06-08,Sciences Po,PhD,Enrolled,2028-07-08,15000,13282,1000,0,5000,1000,500,12,Yes,No,35000,2026-10-08,Conditional,0,4,Visa expires before the loan end date; residence renewal or post-study-work evidence is required. | Guarantor is not a French resident; enhanced verification is required. | Savings cover less than three months of living costs. | Available funds do not cover annual tuition and living costs.,short_term_micro_loan
MICRO0014,19,Turkey,Student visa,2028-06-08,Sciences Po,Bachelor,Enrolled,2028-02-08,3000,15616,1000,500,8000,0,1000,18,Yes,Yes,15000,2026-10-08,Conditional,0,3,"Guarantor income is below €25,000 per year. | Savings cover less than three months of living costs. | Available funds do not cover annual tuition and living costs.",short_term_micro_loan
MICRO0015,30,India,Student visa,2027-05-08,ESSEC,Bachelor,Not enrolled,2029-06-08,0,16400,3000,700,12000,3000,3000,12,Yes,Yes,70000,2026-10-08,Not eligible,1,2,Applicant is not enrolled in a recognised institution. | Visa expires before the loan end date; residence renewal or post-study-work evidence is required. | Savings cover less than three months of living costs.,short_term_micro_loan
MICRO0016,22,Nigeria,Student visa,2029-01-08,HEC Paris,Master,Enrolled,2029-08-08,3000,13973,6000,500,8000,0,3000,6,Yes,Yes,50000,2026-10-08,Eligible,0,0,All micro-loan eligibility rules passed.,short_term_micro_loan
MICRO0017,25,USA,Residence permit,2027-03-08,Sorbonne University,Master,Enrolled,2027-04-08,8000,17050,6000,0,5000,6000,2000,18,Yes,Yes,35000,2026-10-08,Conditional,0,3,"Visa expires before the loan end date; residence renewal or post-study-work evidence is required. | Available funds do not cover annual tuition and living costs. | Existing debt is above €5,000.",short_term_micro_loan
MICRO0018,19,Turkey,Student visa,2027-05-08,Sciences Po,Master,Enrolled,2028-07-08,3000,13642,10000,0,12000,0,1000,18,Yes,Yes,35000,2026-10-08,Conditional,0,1,Visa expires before the loan end date; residence renewal or post-study-work evidence is required.,short_term_micro_loan
MICRO0019,23,China,Student visa,2028-12-08,Université Paris-Saclay,PhD,Enrolled,2028-05-08,20000,12170,15000,0,2000,0,1000,12,No,No,0,2026-10-08,Conditional,0,2,No guarantor provided; manual affordability review is required. | Available funds do not cover annual tuition and living costs.,short_term_micro_loan
MICRO0020,21,Nigeria,Student visa,2028-12-08,HEC Paris,Master,Enrolled,2028-06-08,20000,12009,3000,0,2000,3000,1000,15,Yes,Yes,50000,2026-10-08,Conditional,0,2,Savings cover less than three months of living costs. | Available funds do not cover annual tuition and living costs.,short_term_micro_loan
MICRO0021,20,Vietnam,Student visa,2029-01-08,Sciences Po,Master,Enrolled,2029-07-08,8000,16992,6000,0,0,0,500,18,Yes,Yes,25000,2026-10-08,Conditional,0,1,Available funds do not cover annual tuition and living costs.,short_term_micro_loan
MICRO0022,24,India,Student visa,2029-01-08,Paris Dauphine,Master,Enrolled,2029-09-08,3000,15457,10000,0,0,0,2000,9,Yes,Yes,25000,2026-10-08,Conditional,0,1,Available funds do not cover annual tuition and living costs.,short_term_micro_loan
MICRO0023,30,Morocco,Residence permit,2027-05-08,Paris Dauphine,Bachelor,Enrolled,2027-09-08,0,16027,3000,500,0,0,4000,15,No,No,0,2026-10-08,Conditional,0,4,Visa expires before the loan end date; residence renewal or post-study-work evidence is required. | No guarantor provided; manual affordability review is required. | Savings cover less than three months of living costs. | Available funds do not cover annual tuition and living costs.,short_term_micro_loan
MICRO0024,28,Italy,Residence permit,2029-02-08,Sorbonne University,PhD,Enrolled,2028-12-08,0,10150,6000,300,0,0,1000,12,Yes,Yes,25000,2026-10-08,Conditional,0,1,Available funds do not cover annual tuition and living costs.,short_term_micro_loan
MICRO0025,26,USA,Residence permit,2027-01-08,Sciences Po,Master,Not enrolled,2027-10-08,12000,9580,6000,300,2000,0,3000,3,No,No,0,2026-10-08,Not eligible,1,2,Applicant is not enrolled in a recognised institution. | No guarantor provided; manual affordability review is required. | Available funds do not cover annual tuition and living costs.,short_term_micro_loan
MICRO0026,22,Brazil,Residence permit,2027-05-08,Sorbonne University,Bachelor,Enrolled,2029-05-08,15000,15484,3000,0,5000,0,3000,12,Yes,Yes,15000,2026-10-08,Conditional,0,4,"Visa expires before the loan end date; residence renewal or post-study-work evidence is required. | Guarantor income is below €25,000 per year. | Savings cover less than three months of living costs. | Available funds do not cover annual tuition and living costs.",short_term_micro_loan
MICRO0027,28,Germany,Residence permit,2029-08-08,Sciences Po,PhD,Enrolled,2027-08-08,12000,11839,15000,900,12000,1000,3000,12,Yes,Yes,35000,2026-10-08,Eligible,0,0,All micro-loan eligibility rules passed.,short_term_micro_loan
MICRO0028,29,Morocco,Residence permit,2027-12-08,ESSEC,Bachelor,Enrolled,2027-04-08,12000,10066,1000,0,0,0,500,12,Yes,Yes,50000,2026-10-08,Conditional,0,2,Savings cover less than three months of living costs. | Available funds do not cover annual tuition and living costs.,short_term_micro_loan
MICRO0029,28,Brazil,Residence permit,2027-07-08,Paris Dauphine,Bachelor,Enrolled,2028-12-08,3000,9412,0,300,12000,1000,2000,12,Yes,Yes,50000,2026-10-08,Conditional,0,2,Visa expires before the loan end date; residence renewal or post-study-work evidence is required. | Savings cover less than three months of living costs.,short_term_micro_loan
MICRO0030,19,China,Student visa,2029-08-08,Sciences Po,Bachelor,Enrolled,2029-09-08,12000,12440,6000,700,2000,0,2000,12,Yes,Yes,15000,2026-10-08,Conditional,0,2,"Guarantor income is below €25,000 per year. | Available funds do not cover annual tuition and living costs.",short_term_micro_loan
MICRO0031,22,Morocco,Student visa,2027-12-08,HEC Paris,Master,Not enrolled,2028-10-08,0,11502,15000,500,5000,0,500,3,Yes,Yes,15000,2026-10-08,Not eligible,1,1,"Applicant is not enrolled in a recognised institution. | Guarantor income is below €25,000 per year.",short_term_micro_loan
MICRO0032,23,Italy,Residence permit,2028-11-08,Université Paris-Saclay,Master,Enrolled,2027-10-08,0,14161,15000,900,0,3000,2000,15,Yes,Yes,25000,2026-10-08,Eligible,0,0,All micro-loan eligibility rules passed.,short_term_micro_loan
MICRO0033,27,Germany,Student visa,2027-10-08,Sciences Po,PhD,Enrolled,2028-08-08,0,10542,3000,0,2000,3000,1000,12,No,No,0,2026-10-08,Conditional,0,2,No guarantor provided; manual affordability review is required. | Available funds do not cover annual tuition and living costs.,short_term_micro_loan
MICRO0034,24,China,Residence permit,2028-05-08,Sciences Po,Master,Not enrolled,2029-04-08,12000,12141,10000,300,2000,3000,1000,9,Yes,Yes,50000,2026-10-08,Not eligible,1,1,Applicant is not enrolled in a recognised institution. | Available funds do not cover annual tuition and living costs.,short_term_micro_loan
MICRO0035,28,China,Residence permit,2028-08-08,HEC Paris,Bachelor,Enrolled,2029-08-08,15000,12072,6000,0,5000,0,500,12,Yes,Yes,25000,2026-10-08,Conditional,0,1,Available funds do not cover annual tuition and living costs.,short_term_micro_loan
MICRO0036,31,USA,Student visa,2028-09-08,Sciences Po,PhD,Enrolled,2028-12-08,20000,14348,3000,500,0,0,1000,9,Yes,No,70000,2026-10-08,Conditional,0,3,Guarantor is not a French resident; enhanced verification is required. | Savings cover less than three months of living costs. | Available funds do not cover annual tuition and living costs.,short_term_micro_loan
MICRO0037,24,Vietnam,Student visa,2027-03-08,Université Paris-Saclay,Bachelor,Not enrolled,2029-04-08,20000,10353,15000,700,5000,1000,1000,6,No,No,0,2026-10-08,Not eligible,1,3,Applicant is not enrolled in a recognised institution. | Visa expires before the loan end date; residence renewal or post-study-work evidence is required. | No guarantor provided; manual affordability review is required. | Available funds do not cover annual tuition and living costs.,short_term_micro_loan
MICRO0038,30,Vietnam,Student visa,2029-03-08,Sorbonne University,Master,Enrolled,2028-08-08,3000,15132,10000,500,0,6000,3000,18,Yes,Yes,35000,2026-10-08,Conditional,0,2,"Available funds do not cover annual tuition and living costs. | Existing debt is above €5,000.",short_term_micro_loan
MICRO0039,27,Brazil,Student visa,2027-02-08,Université Paris-Saclay,Master,Enrolled,2029-09-08,15000,14124,0,300,8000,6000,1000,12,No,No,0,2026-10-08,Conditional,0,5,"Visa expires before the loan end date; residence renewal or post-study-work evidence is required. | No guarantor provided; manual affordability review is required. | Savings cover less than three months of living costs. | Available funds do not cover annual tuition and living costs. | Existing debt is above €5,000.",short_term_micro_loan
MICRO0040,31,USA,Student visa,2029-09-08,Paris Dauphine,Master,Enrolled,2027-06-08,0,9404,0,700,8000,6000,4000,12,Yes,No,50000,2026-10-08,Conditional,0,3,"Guarantor is not a French resident; enhanced verification is required. | Savings cover less than three months of living costs. | Existing debt is above €5,000.",short_term_micro_loan
MICRO0041,23,Vietnam,Student visa,2027-10-08,Paris Dauphine,Bachelor,Enrolled,2028-08-08,3000,15600,1000,900,5000,0,3000,12,No,No,0,2026-10-08,Conditional,0,3,No guarantor provided; manual affordability review is required. | Savings cover less than three months of living costs. | Available funds do not cover annual tuition and living costs.,short_term_micro_loan
MICRO0042,20,Italy,Student visa,2027-03-08,Paris Dauphine,PhD,Enrolled,2028-03-08,15000,17427,6000,700,5000,0,500,15,Yes,Yes,35000,2026-10-08,Conditional,0,2,Visa expires before the loan end date; residence renewal or post-study-work evidence is required. | Available funds do not cover annual tuition and living costs.,short_term_micro_loan
MICRO0043,24,USA,Student visa,2028-06-08,Université Paris-Saclay,Bachelor,Enrolled,2029-06-08,0,10331,6000,300,12000,0,2000,12,Yes,Yes,25000,2026-10-08,Eligible,0,0,All micro-loan eligibility rules passed.,short_term_micro_loan
MICRO0044,28,Brazil,Residence permit,2028-05-08,Université Paris-Saclay,Bachelor,Enrolled,2029-07-08,0,13164,15000,300,2000,1000,1000,3,No,No,0,2026-10-08,Conditional,0,1,No guarantor provided; manual affordability review is required.,short_term_micro_loan
MICRO0045,24,Vietnam,Residence permit,2028-04-08,Sorbonne University,PhD,Enrolled,2027-11-08,12000,17472,10000,300,8000,0,1000,3,Yes,Yes,15000,2026-10-08,Conditional,0,2,"Guarantor income is below €25,000 per year. | Available funds do not cover annual tuition and living costs.",short_term_micro_loan
MICRO0046,23,Nigeria,Residence permit,2027-06-08,HEC Paris,PhD,Enrolled,2027-12-08,8000,11593,1000,300,2000,0,2000,12,Yes,Yes,15000,2026-10-08,Conditional,0,4,"Visa expires before the loan end date; residence renewal or post-study-work evidence is required. | Guarantor income is below €25,000 per year. | Savings cover less than three months of living costs. | Available funds do not cover annual tuition and living costs.",short_term_micro_loan
MICRO0047,19,Turkey,Residence permit,2029-02-08,Université Paris-Saclay,Master,Enrolled,2027-11-08,12000,10276,15000,500,12000,0,3000,12,Yes,Yes,25000,2026-10-08,Eligible,0,0,All micro-loan eligibility rules passed.,short_term_micro_loan
MICRO0048,28,China,Student visa,2028-02-08,Sorbonne University,Bachelor,Enrolled,2028-10-08,12000,10646,10000,700,0,3000,2000,9,No,No,0,2026-10-08,Conditional,0,2,No guarantor provided; manual affordability review is required. | Available funds do not cover annual tuition and living costs.,short_term_micro_loan
MICRO0049,25,Turkey,Student visa,2028-05-08,Université Paris-Saclay,PhD,Enrolled,2029-05-08,8000,13632,10000,500,8000,3000,2000,3,Yes,Yes,15000,2026-10-08,Conditional,0,1,"Guarantor income is below €25,000 per year.",short_term_micro_loan
MICRO0050,19,Nigeria,Student visa,2028-07-08,Paris Dauphine,Bachelor,Enrolled,2027-08-08,8000,14401,6000,0,5000,0,4000,3,Yes,Yes,50000,2026-10-08,Conditional,0,1,Available funds do not cover annual tuition and living costs.,short_term_micro_loan
MICRO0051,29,India,Student visa,2029-06-08,Paris Dauphine,Bachelor,Enrolled,2029-02-08,15000,17434,0,500,12000,3000,2000,18,Yes,Yes,35000,2026-10-08,Conditional,0,2,Savings cover less than three months of living costs. | Available funds do not cover annual tuition and living costs.,short_term_micro_loan
MICRO0052,24,Turkey,Student visa,2027-02-08,Université Paris-Saclay,Bachelor,Enrolled,2027-11-08,8000,15316,10000,0,2000,0,2000,6,Yes,No,35000,2026-10-08,Conditional,0,3,Visa expires before the loan end date; residence renewal or post-study-work evidence is required. | Guarantor is not a French resident; enhanced verification is required. | Available funds do not cover annual tuition and living costs.,short_term_micro_loan
MICRO0053,23,Vietnam,Residence permit,2027-11-08,Sorbonne University,PhD,Not enrolled,2028-04-08,8000,12744,3000,300,5000,1000,1000,12,Yes,Yes,25000,2026-10-08,Not eligible,1,2,Applicant is not enrolled in a recognised institution. | Savings cover less than three months of living costs. | Available funds do not cover annual tuition and living costs.,short_term_micro_loan
MICRO0054,27,Brazil,Residence permit,2027-11-08,Sorbonne University,Master,Enrolled,2027-09-08,8000,16984,10000,700,5000,6000,4000,6,Yes,Yes,15000,2026-10-08,Conditional,0,3,"Guarantor income is below €25,000 per year. | Available funds do not cover annual tuition and living costs. | Existing debt is above €5,000.",short_term_micro_loan
MICRO0055,30,Morocco,Student visa,2029-05-08,Paris Dauphine,Bachelor,Enrolled,2027-12-08,15000,15941,10000,0,2000,1000,4000,9,Yes,No,50000,2026-10-08,Conditional,0,2,Guarantor is not a French resident; enhanced verification is required. | Available funds do not cover annual tuition and living costs.,short_term_micro_loan
MICRO0056,26,Morocco,Residence permit,2028-02-08,HEC Paris,Master,Enrolled,2029-08-08,3000,14142,3000,500,2000,0,2000,3,Yes,Yes,35000,2026-10-08,Conditional,0,2,Savings cover less than three months of living costs. | Available funds do not cover annual tuition and living costs.,short_term_micro_loan
MICRO0057,21,USA,Student visa,2027-07-08,Sciences Po,PhD,Enrolled,2028-01-08,0,14742,6000,500,12000,3000,1000,9,Yes,Yes,25000,2026-10-08,Eligible,0,0,All micro-loan eligibility rules passed.,short_term_micro_loan
MICRO0058,24,China,Student visa,2027-02-08,HEC Paris,PhD,Enrolled,2029-06-08,15000,15028,1000,700,0,0,3000,6,Yes,Yes,15000,2026-10-08,Conditional,0,4,"Visa expires before the loan end date; residence renewal or post-study-work evidence is required. | Guarantor income is below €25,000 per year. | Savings cover less than three months of living costs. | Available funds do not cover annual tuition and living costs.",short_term_micro_loan
MICRO0059,21,Turkey,Student visa,2029-02-08,Sorbonne University,Bachelor,Enrolled,2027-08-08,15000,15166,3000,900,0,1000,2000,12,Yes,Yes,50000,2026-10-08,Conditional,0,2,Savings cover less than three months of living costs. | Available funds do not cover annual tuition and living costs.,short_term_micro_loan
MICRO0060,22,Nigeria,Residence permit,2027-04-08,Sorbonne University,Master,Enrolled,2027-08-08,12000,12177,10000,300,0,0,1000,15,Yes,No,70000,2026-10-08,Conditional,0,3,Visa expires before the loan end date; residence renewal or post-study-work evidence is required. | Guarantor is not a French resident; enhanced verification is required. | Available funds do not cover annual tuition and living costs.,short_term_micro_loan
MICRO0061,19,Brazil,Residence permit,2028-09-08,HEC Paris,Bachelor,Enrolled,2027-07-08,0,11872,3000,300,2000,1000,2000,15,No,No,0,2026-10-08,Conditional,0,2,No guarantor provided; manual affordability review is required. | Available funds do not cover annual tuition and living costs.,short_term_micro_loan
MICRO0062,21,China,Residence permit,2029-01-08,Université Paris-Saclay,Bachelor,Enrolled,2027-09-08,3000,17666,10000,300,2000,0,1000,6,Yes,Yes,35000,2026-10-08,Conditional,0,1,Available funds do not cover annual tuition and living costs.,short_term_micro_loan
MICRO0063,19,India,Student visa,2029-05-08,Paris Dauphine,Bachelor,Enrolled,2029-01-08,3000,14588,6000,900,5000,1000,4000,12,Yes,Yes,70000,2026-10-08,Eligible,0,0,All micro-loan eligibility rules passed.,short_term_micro_loan
MICRO0064,25,Brazil,Residence permit,2028-07-08,HEC Paris,Master,Enrolled,2029-09-08,0,13524,3000,700,5000,0,3000,12,Yes,Yes,25000,2026-10-08,Conditional,0,1,Savings cover less than three months of living costs.,short_term_micro_loan
MICRO0065,21,Nigeria,Residence permit,2027-04-08,Paris Dauphine,Bachelor,Enrolled,2029-08-08,0,13873,3000,500,5000,0,1000,15,Yes,Yes,35000,2026-10-08,Conditional,0,2,Visa expires before the loan end date; residence renewal or post-study-work evidence is required. | Savings cover less than three months of living costs.,short_term_micro_loan
MICRO0066,26,Morocco,Student visa,2028-11-08,HEC Paris,Master,Enrolled,2029-08-08,12000,12310,6000,700,5000,3000,3000,18,Yes,Yes,25000,2026-10-08,Conditional,0,1,Available funds do not cover annual tuition and living costs.,short_term_micro_loan
MICRO0067,22,USA,Residence permit,2028-09-08,HEC Paris,PhD,Enrolled,2029-02-08,15000,15150,6000,700,8000,0,4000,12,Yes,No,70000,2026-10-08,Conditional,0,2,Guarantor is not a French resident; enhanced verification is required. | Available funds do not cover annual tuition and living costs.,short_term_micro_loan
MICRO0068,19,Germany,Residence permit,2027-05-08,Sorbonne University,Bachelor,Enrolled,2028-01-08,15000,13566,0,700,2000,3000,2000,18,No,No,0,2026-10-08,Conditional,0,4,Visa expires before the loan end date; residence renewal or post-study-work evidence is required. | No guarantor provided; manual affordability review is required. | Savings cover less than three months of living costs. | Available funds do not cover annual tuition and living costs.,short_term_micro_loan
MICRO0069,19,Vietnam,Student visa,2027-10-08,Paris Dauphine,PhD,Enrolled,2029-06-08,15000,13223,1000,300,5000,3000,3000,9,Yes,No,50000,2026-10-08,Conditional,0,3,Guarantor is not a French resident; enhanced verification is required. | Savings cover less than three months of living costs. | Available funds do not cover annual tuition and living costs.,short_term_micro_loan
MICRO0070,28,Germany,Student visa,2029-05-08,Sciences Po,Master,Enrolled,2029-02-08,12000,15981,15000,0,5000,0,2000,12,Yes,Yes,25000,2026-10-08,Conditional,0,1,Available funds do not cover annual tuition and living costs.,short_term_micro_loan
MICRO0071,25,India,Student visa,2028-10-08,Université Paris-Saclay,Master,Enrolled,2029-04-08,3000,13263,3000,500,5000,1000,3000,9,No,No,0,2026-10-08,Conditional,0,3,No guarantor provided; manual affordability review is required. | Savings cover less than three months of living costs. | Available funds do not cover annual tuition and living costs.,short_term_micro_loan
MICRO0072,20,Germany,Student visa,2027-01-08,Paris Dauphine,PhD,Enrolled,2027-07-08,15000,13124,3000,0,2000,3000,1000,12,No,No,0,2026-10-08,Conditional,0,4,Visa expires before the loan end date; residence renewal or post-study-work evidence is required. | No guarantor provided; manual affordability review is required. | Savings cover less than three months of living costs. | Available funds do not cover annual tuition and living costs.,short_term_micro_loan
MICRO0073,23,China,Student visa,2029-09-08,Paris Dauphine,PhD,Enrolled,2028-06-08,3000,10762,10000,700,12000,0,3000,12,Yes,Yes,70000,2026-10-08,Eligible,0,0,All micro-loan eligibility rules passed.,short_term_micro_loan
MICRO0074,31,China,Student visa,2029-01-08,HEC Paris,Bachelor,Enrolled,2027-06-08,0,13203,6000,0,5000,0,500,18,Yes,Yes,25000,2026-10-08,Conditional,0,1,Available funds do not cover annual tuition and living costs.,short_term_micro_loan
MICRO0075,30,Italy,Student visa,2028-04-08,Université Paris-Saclay,PhD,Enrolled,2027-11-08,12000,10750,10000,500,12000,6000,3000,12,Yes,No,25000,2026-10-08,Conditional,0,2,"Guarantor is not a French resident; enhanced verification is required. | Existing debt is above €5,000.",short_term_micro_loan
MICRO0076,25,India,Student visa,2028-05-08,HEC Paris,PhD,Enrolled,2028-12-08,8000,9390,0,500,2000,6000,4000,18,Yes,Yes,15000,2026-10-08,Conditional,0,4,"Guarantor income is below €25,000 per year. | Savings cover less than three months of living costs. | Available funds do not cover annual tuition and living costs. | Existing debt is above €5,000.",short_term_micro_loan
MICRO0077,20,Italy,Residence permit,2028-05-08,ESSEC,Bachelor,Enrolled,2029-03-08,3000,16980,0,500,2000,3000,500,9,Yes,No,50000,2026-10-08,Conditional,0,3,Guarantor is not a French resident; enhanced verification is required. | Savings cover less than three months of living costs. | Available funds do not cover annual tuition and living costs.,short_term_micro_loan
MICRO0078,20,Turkey,Student visa,2029-09-08,ESSEC,Master,Enrolled,2028-01-08,15000,17502,3000,900,0,0,2000,18,Yes,Yes,25000,2026-10-08,Conditional,0,2,Savings cover less than three months of living costs. | Available funds do not cover annual tuition and living costs.,short_term_micro_loan
MICRO0079,19,Brazil,Residence permit,2029-05-08,HEC Paris,Master,Enrolled,2028-03-08,12000,12511,3000,300,0,0,2000,15,Yes,Yes,15000,2026-10-08,Conditional,0,3,"Guarantor income is below €25,000 per year. | Savings cover less than three months of living costs. | Available funds do not cover annual tuition and living costs.",short_term_micro_loan
MICRO0080,20,China,Student visa,2027-04-08,HEC Paris,PhD,Enrolled,2027-08-08,0,17896,15000,0,0,0,1000,18,Yes,Yes,25000,2026-10-08,Conditional,0,2,Visa expires before the loan end date; residence renewal or post-study-work evidence is required. | Available funds do not cover annual tuition and living costs.,short_term_micro_loan
MICRO0081,23,Italy,Student visa,2027-06-08,Paris Dauphine,PhD,Not enrolled,2028-05-08,12000,10868,15000,700,0,0,3000,6,No,No,0,2026-10-08,Not eligible,1,1,Applicant is not enrolled in a recognised institution. | No guarantor provided; manual affordability review is required.,short_term_micro_loan
MICRO0082,28,Nigeria,Residence permit,2029-02-08,Sorbonne University,Master,Enrolled,2029-05-08,15000,12845,10000,500,2000,1000,2000,12,No,No,0,2026-10-08,Conditional,0,2,No guarantor provided; manual affordability review is required. | Available funds do not cover annual tuition and living costs.,short_term_micro_loan
MICRO0083,19,China,Student visa,2028-12-08,ESSEC,Master,Enrolled,2027-06-08,3000,16287,10000,0,12000,3000,2000,9,Yes,Yes,35000,2026-10-08,Eligible,0,0,All micro-loan eligibility rules passed.,short_term_micro_loan
MICRO0084,20,Brazil,Residence permit,2027-12-08,Université Paris-Saclay,PhD,Enrolled,2028-06-08,12000,9954,3000,0,0,1000,500,12,Yes,Yes,15000,2026-10-08,Conditional,0,2,"Guarantor income is below €25,000 per year. | Available funds do not cover annual tuition and living costs.",short_term_micro_loan
MICRO0085,31,Vietnam,Student visa,2029-04-08,Sciences Po,PhD,Enrolled,2028-08-08,0,9317,6000,700,2000,1000,2000,9,No,No,0,2026-10-08,Conditional,0,1,No guarantor provided; manual affordability review is required.,short_term_micro_loan
MICRO0086,21,Vietnam,Student visa,2028-04-08,Sorbonne University,Master,Enrolled,2027-04-08,0,10704,3000,0,12000,0,3000,6,No,No,0,2026-10-08,Conditional,0,1,No guarantor provided; manual affordability review is required.,short_term_micro_loan
MICRO0087,31,China,Student visa,2029-07-08,Sciences Po,PhD,Enrolled,2028-01-08,15000,12741,15000,0,5000,3000,1000,6,No,No,0,2026-10-08,Conditional,0,2,No guarantor provided; manual affordability review is required. | Available funds do not cover annual tuition and living costs.,short_term_micro_loan
MICRO0088,26,Brazil,Residence permit,2029-07-08,ESSEC,PhD,Enrolled,2029-03-08,15000,10007,1000,700,5000,6000,2000,12,Yes,Yes,35000,2026-10-08,Conditional,0,3,"Savings cover less than three months of living costs. | Available funds do not cover annual tuition and living costs. | Existing debt is above €5,000.",short_term_micro_loan
MICRO0089,31,Nigeria,Residence permit,2028-10-08,Sorbonne University,PhD,Not enrolled,2027-07-08,0,10040,10000,700,5000,0,500,18,No,No,0,2026-10-08,Not eligible,1,1,Applicant is not enrolled in a recognised institution. | No guarantor provided; manual affordability review is required.,short_term_micro_loan
MICRO0090,31,Vietnam,Residence permit,2027-12-08,ESSEC,Bachelor,Enrolled,2027-06-08,12000,14126,0,700,2000,3000,1000,3,No,No,0,2026-10-08,Conditional,0,3,No guarantor provided; manual affordability review is required. | Savings cover less than three months of living costs. | Available funds do not cover annual tuition and living costs.,short_term_micro_loan
MICRO0091,21,China,Residence permit,2028-01-08,ESSEC,Bachelor,Enrolled,2028-06-08,15000,10098,1000,0,8000,1000,1000,18,Yes,Yes,70000,2026-10-08,Conditional,0,3,Visa expires before the loan end date; residence renewal or post-study-work evidence is required. | Savings cover less than three months of living costs. | Available funds do not cover annual tuition and living costs.,short_term_micro_loan
MICRO0092,23,India,Residence permit,2028-08-08,Sorbonne University,PhD,Enrolled,2029-04-08,8000,14626,3000,700,2000,0,500,12,Yes,Yes,70000,2026-10-08,Conditional,0,2,Savings cover less than three months of living costs. | Available funds do not cover annual tuition and living costs.,short_term_micro_loan
MICRO0093,26,Vietnam,Student visa,2029-01-08,Sciences Po,Master,Enrolled,2028-12-08,0,10050,10000,700,5000,0,500,18,Yes,No,35000,2026-10-08,Conditional,0,1,Guarantor is not a French resident; enhanced verification is required.,short_term_micro_loan
MICRO0094,25,Germany,Residence permit,2028-05-08,Université Paris-Saclay,Bachelor,Enrolled,2028-11-08,8000,14797,1000,0,8000,0,2000,9,Yes,Yes,35000,2026-10-08,Conditional,0,2,Savings cover less than three months of living costs. | Available funds do not cover annual tuition and living costs.,short_term_micro_loan
MICRO0095,19,China,Student visa,2027-08-08,Sciences Po,Bachelor,Enrolled,2029-09-08,8000,10389,15000,700,8000,3000,4000,18,No,No,0,2026-10-08,Conditional,0,2,Visa expires before the loan end date; residence renewal or post-study-work evidence is required. | No guarantor provided; manual affordability review is required.,short_term_micro_loan
MICRO0096,21,Germany,Student visa,2028-12-08,ESSEC,PhD,Enrolled,2028-03-08,20000,14791,0,300,2000,0,3000,18,No,No,0,2026-10-08,Conditional,0,3,No guarantor provided; manual affordability review is required. | Savings cover less than three months of living costs. | Available funds do not cover annual tuition and living costs.,short_term_micro_loan
MICRO0097,19,Germany,Student visa,2028-01-08,HEC Paris,Bachelor,Enrolled,2029-01-08,3000,16014,1000,500,8000,0,3000,18,Yes,Yes,50000,2026-10-08,Conditional,0,3,Visa expires before the loan end date; residence renewal or post-study-work evidence is required. | Savings cover less than three months of living costs. | Available funds do not cover annual tuition and living costs.,short_term_micro_loan
MICRO0098,27,India,Residence permit,2029-07-08,ESSEC,Bachelor,Enrolled,2028-09-08,20000,12911,10000,700,2000,3000,500,18,Yes,No,35000,2026-10-08,Conditional,0,2,Guarantor is not a French resident; enhanced verification is required. | Available funds do not cover annual tuition and living costs.,short_term_micro_loan
MICRO0099,21,Turkey,Student visa,2028-02-08,Sciences Po,Bachelor,Enrolled,2029-01-08,12000,10560,10000,0,12000,0,1000,15,Yes,No,35000,2026-10-08,Conditional,0,2,Guarantor is not a French resident; enhanced verification is required. | Available funds do not cover annual tuition and living costs.,short_term_micro_loan
MICRO0100,20,China,Residence permit,2028-07-08,Université Paris-Saclay,Master,Enrolled,2029-03-08,20000,17946,6000,0,0,0,2000,18,Yes,Yes,35000,2026-10-08,Conditional,0,1,Available funds do not cover annual tuition and living costs.,short_term_micro_loan
MICRO0101,31,Italy,Student visa,2028-12-08,Sorbonne University,Bachelor,Enrolled,2027-07-08,12000,12453,15000,0,12000,1000,2000,15,No,No,0,2026-10-08,Conditional,0,1,No guarantor provided; manual affordability review is required.,short_term_micro_loan
MICRO0102,24,Brazil,Residence permit,2027-12-08,Paris Dauphine,Bachelor,Enrolled,2028-09-08,12000,11958,1000,700,5000,1000,3000,9,Yes,No,70000,2026-10-08,Conditional,0,3,Guarantor is not a French resident; enhanced verification is required. | Savings cover less than three months of living costs. | Available funds do not cover annual tuition and living costs.,short_term_micro_loan
MICRO0103,27,Turkey,Residence permit,2028-02-08,Sciences Po,PhD,Enrolled,2029-04-08,12000,12814,1000,300,12000,0,3000,9,Yes,Yes,15000,2026-10-08,Conditional,0,3,"Guarantor income is below €25,000 per year. | Savings cover less than three months of living costs. | Available funds do not cover annual tuition and living costs.",short_term_micro_loan
MICRO0104,26,Nigeria,Residence permit,2028-11-08,Sorbonne University,PhD,Enrolled,2028-02-08,15000,9629,1000,500,2000,3000,2000,6,No,No,0,2026-10-08,Conditional,0,3,No guarantor provided; manual affordability review is required. | Savings cover less than three months of living costs. | Available funds do not cover annual tuition and living costs.,short_term_micro_loan
MICRO0105,22,China,Residence permit,2029-04-08,Paris Dauphine,Master,Enrolled,2027-08-08,8000,12568,10000,300,12000,1000,2000,3,Yes,Yes,15000,2026-10-08,Conditional,0,1,"Guarantor income is below €25,000 per year.",short_term_micro_loan
MICRO0106,27,Nigeria,Student visa,2028-08-08,HEC Paris,Master,Enrolled,2027-04-08,0,13293,1000,0,0,1000,3000,9,No,No,0,2026-10-08,Conditional,0,4,No guarantor provided; manual affordability review is required. | Savings cover less than three months of living costs. | Available funds do not cover annual tuition and living costs. | Requested loan is more than 150% of documented available funds.,short_term_micro_loan
MICRO0107,27,Vietnam,Student visa,2029-05-08,Sorbonne University,Bachelor,Enrolled,2029-03-08,8000,12249,3000,500,0,0,1000,18,Yes,Yes,15000,2026-10-08,Conditional,0,3,"Guarantor income is below €25,000 per year. | Savings cover less than three months of living costs. | Available funds do not cover annual tuition and living costs.",short_term_micro_loan
MICRO0108,26,Nigeria,Residence permit,2028-09-08,ESSEC,Master,Enrolled,2027-11-08,0,13612,15000,0,8000,6000,2000,3,No,No,0,2026-10-08,Conditional,0,2,"No guarantor provided; manual affordability review is required. | Existing debt is above €5,000.",short_term_micro_loan
MICRO0109,19,China,Residence permit,2027-12-08,ESSEC,PhD,Enrolled,2029-04-08,12000,12072,1000,500,2000,1000,1000,12,Yes,No,50000,2026-10-08,Conditional,0,3,Guarantor is not a French resident; enhanced verification is required. | Savings cover less than three months of living costs. | Available funds do not cover annual tuition and living costs.,short_term_micro_loan
MICRO0110,24,Germany,Residence permit,2027-09-08,Sciences Po,PhD,Enrolled,2029-04-08,15000,12828,6000,700,12000,0,2000,12,No,No,0,2026-10-08,Conditional,0,3,Visa expires before the loan end date; residence renewal or post-study-work evidence is required. | No guarantor provided; manual affordability review is required. | Available funds do not cover annual tuition and living costs.,short_term_micro_loan
MICRO0111,20,Turkey,Student visa,2028-01-08,Paris Dauphine,Master,Enrolled,2028-10-08,15000,12712,1000,500,0,0,2000,9,No,No,0,2026-10-08,Conditional,0,3,No guarantor provided; manual affordability review is required. | Savings cover less than three months of living costs. | Available funds do not cover annual tuition and living costs.,short_term_micro_loan
MICRO0112,19,Brazil,Residence permit,2029-08-08,Paris Dauphine,Bachelor,Enrolled,2028-03-08,0,16010,1000,500,8000,1000,2000,18,Yes,Yes,25000,2026-10-08,Conditional,0,2,Savings cover less than three months of living costs. | Available funds do not cover annual tuition and living costs.,short_term_micro_loan
MICRO0113,30,Italy,Residence permit,2029-05-08,ESSEC,PhD,Enrolled,2028-03-08,0,13399,6000,500,5000,3000,3000,15,No,No,0,2026-10-08,Conditional,0,1,No guarantor provided; manual affordability review is required.,short_term_micro_loan
MICRO0114,31,Turkey,Residence permit,2028-09-08,Université Paris-Saclay,PhD,Enrolled,2029-02-08,15000,14243,15000,500,2000,0,2000,6,No,No,0,2026-10-08,Conditional,0,2,No guarantor provided; manual affordability review is required. | Available funds do not cover annual tuition and living costs.,short_term_micro_loan
MICRO0115,29,China,Residence permit,2029-05-08,Université Paris-Saclay,Bachelor,Enrolled,2027-06-08,12000,9105,6000,700,2000,0,1000,6,Yes,Yes,35000,2026-10-08,Conditional,0,1,Available funds do not cover annual tuition and living costs.,short_term_micro_loan
MICRO0116,25,Vietnam,Student visa,2028-08-08,Sciences Po,Master,Enrolled,2027-10-08,15000,14291,0,500,12000,1000,3000,18,Yes,Yes,35000,2026-10-08,Conditional,0,2,Savings cover less than three months of living costs. | Available funds do not cover annual tuition and living costs.,short_term_micro_loan
MICRO0117,28,India,Student visa,2027-08-08,ESSEC,Master,Enrolled,2028-08-08,3000,10316,3000,700,12000,1000,3000,15,Yes,Yes,35000,2026-10-08,Conditional,0,1,Visa expires before the loan end date; residence renewal or post-study-work evidence is required.,short_term_micro_loan
MICRO0118,19,China,Residence permit,2029-09-08,Université Paris-Saclay,Master,Enrolled,2028-08-08,0,11852,6000,500,5000,0,2000,12,Yes,Yes,15000,2026-10-08,Conditional,0,1,"Guarantor income is below €25,000 per year.",short_term_micro_loan
MICRO0119,23,China,Residence permit,2028-06-08,Université Paris-Saclay,Master,Enrolled,2029-01-08,8000,15602,15000,0,0,3000,2000,9,Yes,No,15000,2026-10-08,Conditional,0,3,"Guarantor is not a French resident; enhanced verification is required. | Guarantor income is below €25,000 per year. | Available funds do not cover annual tuition and living costs.",short_term_micro_loan
MICRO0120,21,Morocco,Residence permit,2027-09-08,HEC Paris,PhD,Enrolled,2029-06-08,3000,9707,3000,700,8000,0,3000,9,Yes,Yes,50000,2026-10-08,Eligible,0,0,All micro-loan eligibility rules passed.,short_term_micro_loan
MICRO0121,28,Vietnam,Student visa,2027-03-08,Sorbonne University,Master,Enrolled,2027-05-08,20000,11817,3000,900,5000,0,2000,3,Yes,Yes,25000,2026-10-08,Conditional,0,1,Available funds do not cover annual tuition and living costs.,short_term_micro_loan
MICRO0122,31,Morocco,Student visa,2029-07-08,Université Paris-Saclay,PhD,Enrolled,2029-02-08,8000,11493,3000,700,0,0,4000,12,No,No,0,2026-10-08,Conditional,0,2,No guarantor provided; manual affordability review is required. | Available funds do not cover annual tuition and living costs.,short_term_micro_loan
MICRO0123,24,Vietnam,Residence permit,2027-05-08,Université Paris-Saclay,Bachelor,Enrolled,2029-03-08,8000,9285,6000,500,0,3000,1000,15,Yes,Yes,70000,2026-10-08,Conditional,0,2,Visa expires before the loan end date; residence renewal or post-study-work evidence is required. | Available funds do not cover annual tuition and living costs.,short_term_micro_loan
MICRO0124,20,Vietnam,Residence permit,2028-02-08,Sorbonne University,Master,Enrolled,2029-02-08,3000,11408,0,900,5000,0,2000,9,No,No,0,2026-10-08,Conditional,0,2,No guarantor provided; manual affordability review is required. | Savings cover less than three months of living costs.,short_term_micro_loan
MICRO0125,29,Italy,Residence permit,2028-03-08,HEC Paris,Master,Not enrolled,2027-08-08,8000,13107,15000,0,8000,0,4000,18,Yes,Yes,70000,2026-10-08,Not eligible,1,1,Applicant is not enrolled in a recognised institution. | Visa expires before the loan end date; residence renewal or post-study-work evidence is required.,short_term_micro_loan
MICRO0126,25,USA,Student visa,2028-02-08,Université Paris-Saclay,Master,Enrolled,2028-12-08,0,16002,6000,300,12000,1000,3000,6,No,No,0,2026-10-08,Conditional,0,1,No guarantor provided; manual affordability review is required.,short_term_micro_loan
MICRO0127,22,Brazil,Student visa,2029-07-08,ESSEC,PhD,Enrolled,2028-05-08,15000,17429,1000,500,2000,0,2000,3,No,No,0,2026-10-08,Conditional,0,3,No guarantor provided; manual affordability review is required. | Savings cover less than three months of living costs. | Available funds do not cover annual tuition and living costs.,short_term_micro_loan
MICRO0128,30,Italy,Residence permit,2027-12-08,Paris Dauphine,Bachelor,Not enrolled,2029-07-08,3000,9845,10000,0,12000,0,500,12,Yes,Yes,70000,2026-10-08,Not eligible,1,0,Applicant is not enrolled in a recognised institution.,short_term_micro_loan
MICRO0129,20,Vietnam,Student visa,2027-10-08,Sorbonne University,Bachelor,Enrolled,2029-09-08,20000,14175,3000,300,0,0,3000,9,Yes,Yes,35000,2026-10-08,Conditional,0,2,Savings cover less than three months of living costs. | Available funds do not cover annual tuition and living costs.,short_term_micro_loan
MICRO0130,22,India,Student visa,2028-05-08,Sorbonne University,Master,Enrolled,2029-07-08,3000,9419,6000,300,0,3000,2000,6,Yes,Yes,35000,2026-10-08,Conditional,0,1,Available funds do not cover annual tuition and living costs.,short_term_micro_loan
MICRO0131,23,Italy,Student visa,2028-10-08,HEC Paris,Master,Not enrolled,2029-02-08,8000,16898,3000,700,5000,1000,1000,12,Yes,Yes,50000,2026-10-08,Not eligible,1,2,Applicant is not enrolled in a recognised institution. | Savings cover less than three months of living costs. | Available funds do not cover annual tuition and living costs.,short_term_micro_loan
MICRO0132,23,Italy,Student visa,2028-06-08,Sciences Po,PhD,Enrolled,2027-07-08,8000,13592,6000,300,8000,0,2000,6,Yes,No,35000,2026-10-08,Conditional,0,2,Guarantor is not a French resident; enhanced verification is required. | Available funds do not cover annual tuition and living costs.,short_term_micro_loan
MICRO0133,27,Morocco,Residence permit,2029-05-08,HEC Paris,Bachelor,Enrolled,2027-09-08,8000,11672,15000,700,2000,1000,2000,9,Yes,Yes,35000,2026-10-08,Eligible,0,0,All micro-loan eligibility rules passed.,short_term_micro_loan
MICRO0134,28,Brazil,Student visa,2028-09-08,Paris Dauphine,Master,Enrolled,2029-02-08,12000,15869,6000,500,0,1000,1000,15,No,No,0,2026-10-08,Conditional,0,2,No guarantor provided; manual affordability review is required. | Available funds do not cover annual tuition and living costs.,short_term_micro_loan
MICRO0135,27,Nigeria,Student visa,2028-11-08,Sciences Po,PhD,Enrolled,2028-04-08,15000,16650,0,900,8000,0,1000,9,Yes,Yes,15000,2026-10-08,Conditional,0,3,"Guarantor income is below €25,000 per year. | Savings cover less than three months of living costs. | Available funds do not cover annual tuition and living costs.",short_term_micro_loan
MICRO0136,25,USA,Student visa,2029-04-08,Université Paris-Saclay,Bachelor,Enrolled,2029-05-08,0,15493,10000,0,5000,0,2000,18,No,No,0,2026-10-08,Conditional,0,2,No guarantor provided; manual affordability review is required. | Available funds do not cover annual tuition and living costs.,short_term_micro_loan
MICRO0137,26,China,Residence permit,2029-01-08,Sorbonne University,Master,Not enrolled,2028-06-08,3000,10827,6000,700,5000,1000,500,18,No,No,0,2026-10-08,Not eligible,1,1,Applicant is not enrolled in a recognised institution. | No guarantor provided; manual affordability review is required.,short_term_micro_loan
MICRO0138,30,Germany,Residence permit,2029-03-08,HEC Paris,PhD,Not enrolled,2029-01-08,8000,15303,10000,700,8000,0,2000,18,No,No,0,2026-10-08,Not eligible,1,1,Applicant is not enrolled in a recognised institution. | No guarantor provided; manual affordability review is required.,short_term_micro_loan
MICRO0139,30,Germany,Residence permit,2029-01-08,Université Paris-Saclay,Master,Enrolled,2028-11-08,3000,9685,0,900,8000,0,4000,9,Yes,Yes,25000,2026-10-08,Conditional,0,1,Savings cover less than three months of living costs.,short_term_micro_loan
MICRO0140,26,Brazil,Residence permit,2027-07-08,HEC Paris,Master,Enrolled,2028-02-08,3000,17853,15000,900,0,0,1000,15,Yes,Yes,25000,2026-10-08,Conditional,0,1,Visa expires before the loan end date; residence renewal or post-study-work evidence is required.,short_term_micro_loan
MICRO0141,21,Nigeria,Residence permit,2028-11-08,Université Paris-Saclay,Master,Enrolled,2028-04-08,8000,10724,10000,500,0,0,500,12,No,No,0,2026-10-08,Conditional,0,2,No guarantor provided; manual affordability review is required. | Available funds do not cover annual tuition and living costs.,short_term_micro_loan
MICRO0142,23,Nigeria,Residence permit,2027-08-08,HEC Paris,Bachelor,Enrolled,2028-07-08,15000,14995,10000,900,0,0,3000,6,No,No,0,2026-10-08,Conditional,0,2,No guarantor provided; manual affordability review is required. | Available funds do not cover annual tuition and living costs.,short_term_micro_loan
MICRO0143,29,Vietnam,Student visa,2027-02-08,ESSEC,Master,Enrolled,2028-04-08,8000,11979,0,700,0,3000,1000,18,Yes,Yes,35000,2026-10-08,Conditional,0,3,Visa expires before the loan end date; residence renewal or post-study-work evidence is required. | Savings cover less than three months of living costs. | Available funds do not cover annual tuition and living costs.,short_term_micro_loan
MICRO0144,25,Turkey,Student visa,2027-06-08,Sorbonne University,Bachelor,Enrolled,2027-08-08,0,14251,10000,700,5000,0,2000,12,Yes,Yes,15000,2026-10-08,Conditional,0,2,"Visa expires before the loan end date; residence renewal or post-study-work evidence is required. | Guarantor income is below €25,000 per year.",short_term_micro_loan
MICRO0145,27,Nigeria,Residence permit,2028-08-08,Sciences Po,Bachelor,Enrolled,2027-10-08,8000,12586,0,500,5000,1000,3000,12,Yes,Yes,25000,2026-10-08,Conditional,0,2,Savings cover less than three months of living costs. | Available funds do not cover annual tuition and living costs.,short_term_micro_loan
MICRO0146,30,Nigeria,Student visa,2028-07-08,HEC Paris,Master,Enrolled,2028-05-08,0,9663,3000,700,8000,3000,2000,9,No,No,0,2026-10-08,Conditional,0,1,No guarantor provided; manual affordability review is required.,short_term_micro_loan
MICRO0147,20,Turkey,Residence permit,2029-04-08,HEC Paris,Bachelor,Enrolled,2028-02-08,12000,14237,6000,300,5000,3000,1000,9,Yes,Yes,25000,2026-10-08,Conditional,0,1,Available funds do not cover annual tuition and living costs.,short_term_micro_loan
MICRO0148,29,Nigeria,Residence permit,2027-09-08,HEC Paris,PhD,Not enrolled,2027-08-08,0,17329,3000,0,0,3000,1000,12,No,No,0,2026-10-08,Not eligible,1,4,Applicant is not enrolled in a recognised institution. | Visa expires before the loan end date; residence renewal or post-study-work evidence is required. | No guarantor provided; manual affordability review is required. | Savings cover less than three months of living costs. | Available funds do not cover annual tuition and living costs.,short_term_micro_loan
MICRO0149,28,India,Residence permit,2027-05-08,HEC Paris,Bachelor,Enrolled,2027-08-08,8000,17895,3000,0,0,3000,2000,9,Yes,No,25000,2026-10-08,Conditional,0,4,Visa expires before the loan end date; residence renewal or post-study-work evidence is required. | Guarantor is not a French resident; enhanced verification is required. | Savings cover less than three months of living costs. | Available funds do not cover annual tuition and living costs.,short_term_micro_loan
MICRO0150,24,Turkey,Residence permit,2029-07-08,HEC Paris,Master,Not enrolled,2029-04-08,20000,10431,0,0,2000,0,4000,6,No,No,0,2026-10-08,Not eligible,1,4,Applicant is not enrolled in a recognised institution. | No guarantor provided; manual affordability review is required. | Savings cover less than three months of living costs. | Available funds do not cover annual tuition and living costs. | Requested loan is more than 150% of documented available funds.,short_term_micro_loan
